id_propiedad;operacion;tipo;titulo;precio;estado;estado_interno;direccion;habitaciones;banos;parqueos;area_m2;url;publicado_en;fecha_extraccion;fuente_url
5f9fabf1-c02e-4c77-a990-ff4b3f4351ff;venta;propiedad;Apartamento en Torre Avitat Duo;258000;published;created;Colonia Escalón;3;2;2;92;https://www.propilatam.com/sv/venta/apartamento/propiedad/san-salvador/apartamento-en-colonia-escalon-departamento-de-san-salvador/4363;1784959380979;2026-08-26T15:56:45.880704+00:00;https://www.propilatam.com/sv/bienes-raices/comprar
3a97c47a-93a2-4412-8934-5b7b2723be6c;venta;propiedad;Apartamento en Torre Avitat Duo;267000;published;created;Colonia Escalón;3;2;2;92;https://www.propilatam.com/sv/venta/apartamento/propiedad/san-salvador/apartamento-en-colonia-escalon-departamento-de-san-salvador/4364;1784959906631;2026-08-26T15:56:45.880748+00:00;https://www.propilatam.com/sv/bienes-raices/comprar
c97691cb-468e-4a37-8b0f-916d206a1c53;venta;propiedad;Apartamento en Puerta del Alma III;459000;published;rented_external;Antiguo Cuscatlán;3;3;2;154;https://www.propilatam.com/sv/venta/apartamento/propiedad/antiguo-cuscatlan/apartamento-en-puerta-del-alma-iii-departamento-de-la-libertad/4096;1778099163696;2026-08-26T15:56:45.880760+00:00;https://www.propilatam.com/sv/bienes-raices/comprar
e56cb9b1-8f96-45df-9da8-47f526dbca8a;venta;propiedad;Apartamento en Life Santa Elena;290000;published;created;Nuevo Cuscatlán;3;2;2;115;https://www.propilatam.com/sv/venta/apartamento/propiedad/nuevo-cuscatlan/apartamento-en-life-santa-elena-departamento-de-la-libertad/4234;1779821930625;2026-08-26T15:56:45.880769+00:00;https://www.propilatam.com/sv/bienes-raices/comprar
10701597-178b-41c2-a14e-b7d396010dd5;venta;propiedad;Apartamento en San Benito;459000;published;published;San Salvador;3;3;3;236;https://www.propilatam.com/sv/venta/apartamento/propiedad/san-salvador/apartamento-en-san-benito-departamento-de-san-salvador/4276;1783115437705;2026-08-26T15:56:45.880777+00:00;https://www.propilatam.com/sv/bienes-raices/comprar
d31879ae-f325-4e36-9fc7-969f44518675;venta;propiedad;Apartamento en Torres Artea;285000;published;created;Nuevo Cuscatlán;3;2;2;96;https://www.propilatam.com/sv/venta/apartamento/propiedad/nuevo-cuscatlan/apartamento-en-torres-artea-departamento-de-la-libertad/3928;1768947196026;2026-08-26T15:56:45.880785+00:00;https://www.propilatam.com/sv/bienes-raices/comprar
c59a5e6f-fee3-407a-b096-7ddf9fa337cc;venta;propiedad;Casa en Colonia Escalon Norte;259000;published;created;San Salvador;3;3;2;180;https://www.propilatam.com/sv/venta/casa/propiedad/san-salvador/casa-en-colonia-escalon-norte-departamento-de-san-salvador/4284;1781977760874;2026-08-26T15:56:45.880792+00:00;https://www.propilatam.com/sv/bienes-raices/comprar
a81bdb84-c760-4fdc-a8d2-0c438e5098c9;venta;propiedad;Casa en Barrio San Jacinto;196000;published;created;San Salvador;3;2;2;170;https://www.propilatam.com/sv/venta/casa/propiedad/san-salvador/casa-en-barrio-san-jacinto-departamento-de-san-salvador/4286;1782150225723;2026-08-26T15:56:45.880799+00:00;https://www.propilatam.com/sv/bienes-raices/comprar
95e6786e-74b3-45b6-9df9-dafea2d2349b;venta;propiedad;Apartamento en Avitat Lift;199000;published;created;Colonia Escalón;1;1;1;55;https://www.propilatam.com/sv/venta/apartamento/propiedad/san-salvador/apartamento-en-colonia-escalon-departamento-de-san-salvador/4336;1784137628118;2026-08-26T15:56:45.880806+00:00;https://www.propilatam.com/sv/bienes-raices/comprar
1e4fa3aa-046f-4f8f-8676-cbb3a0271063;venta;propiedad;Casa en Av. Bernal;248000;published;created;San Salvador;3;2;2;198;https://www.propilatam.com/sv/venta/casa/propiedad/san-salvador/casa-en-av--bernal-departamento-de-san-salvador/4355;1784657235158;2026-08-26T15:56:45.880812+00:00;https://www.propilatam.com/sv/bienes-raices/comprar
9fe399a8-601c-483d-847d-95c7c814a502;venta;propiedad;Apartamento en Condominio Penthouse;250000;published;rented_external;Colonia Escalón;2;2;2;156;https://www.propilatam.com/sv/venta/apartamento/propiedad/san-salvador/apartamento-en-colonia-escalon-departamento-de-san-salvador/2996;1769792727544;2026-08-26T15:56:45.880822+00:00;https://www.propilatam.com/sv/bienes-raices/comprar
177f0b0a-2e69-4b99-a957-7bdcda2bb141;venta;propiedad;Apartamento en Nu Lomas;239000;published;created;Nu Lomas;2;2;2;72;https://www.propilatam.com/sv/venta/apartamento/propiedad/antiguo-cuscatlan/apartamento-en-nu-lomas-departamento-de-la-libertad/4302;1782756490840;2026-08-26T15:56:45.880828+00:00;https://www.propilatam.com/sv/bienes-raices/comprar
03b9bb59-9487-49ef-9659-467bde0e8797;venta;propiedad;Apartamento en Alta 510;310000;published;created;Colonia Escalón;2;3;2;107;https://www.propilatam.com/sv/venta/apartamento/propiedad/san-salvador/apartamento-en-colonia-escalon-departamento-de-san-salvador/4275;1781217024686;2026-08-26T15:56:45.880835+00:00;https://www.propilatam.com/sv/bienes-raices/comprar
5a4eaa46-a10a-4a3a-b413-bcc900328033;venta;propiedad;Casa en Residencial Finca de Asturias Sur;325000;published;created;Santa Tecla;3;2;2;120;https://www.propilatam.com/sv/venta/casa/propiedad/santa-tecla/casa-en-residencial-finca-de-asturias-sur-departamento-de-la-libertad/4258;1781231226006;2026-08-26T15:56:45.880841+00:00;https://www.propilatam.com/sv/bienes-raices/comprar
cd492be8-9bc0-493f-a524-a3d6ffe62456;venta;propiedad;Casa en Urbanizacion La Cima II;235000;published;created;San Salvador;3;2;2;110;https://www.propilatam.com/sv/venta/casa/propiedad/san-salvador/casa-en-urbanizacion-la-cima-ii-departamento-de-san-salvador/4351;1784585619197;2026-08-26T15:56:45.880851+00:00;https://www.propilatam.com/sv/bienes-raices/comprar
8a992124-b2b3-4c8c-b1a9-e9abc07f56de;venta;propiedad;Casa en Jardines de Merliot;390000;published;created;Santa Tecla;3;2;2;195;https://www.propilatam.com/sv/venta/casa/propiedad/santa-tecla/casa-en-jardines-de-merliot-departamento-de-la-libertad/4346;1784563431170;2026-08-26T15:56:45.880858+00:00;https://www.propilatam.com/sv/bienes-raices/comprar
2c739f8a-68c0-4cbb-8f92-0944730106c3;venta;propiedad;Casa en Residencial Prados de San Luis;175000;published;created;San Salvador;3;2;2;110;https://www.propilatam.com/sv/venta/casa/propiedad/san-salvador/casa-en-residencial-prados-de-san-luis-departamento-de-san-salvador/4328;1783719792710;2026-08-26T15:56:45.880865+00:00;https://www.propilatam.com/sv/bienes-raices/comprar
01bbb220-fc9c-4186-9fae-405caf474411;venta;propiedad;Casa en Via del Mar;335000;published;created;Santa Tecla;3;3;3;239;https://www.propilatam.com/sv/venta/casa/propiedad/santa-tecla/casa-en-via-del-mar-departamento-de-la-libertad/4235;1785002462242;2026-08-26T15:56:45.880872+00:00;https://www.propilatam.com/sv/bienes-raices/comprar
8432d122-57e2-452c-8646-480a484ad985;venta;proyecto_preventa;Portal Alcalá;399100;in_construction;in_construction;Calle y Avenida El Espino #7, San Salvador;2;2;;106;https://www.propilatam.com/sv/venta/portal-alcala/1074;;2026-08-26T15:56:45.880880+00:00;https://www.propilatam.com/sv/bienes-raices/comprar
295c8bfc-91a7-4be4-a963-1426ceadea82;venta;proyecto_preventa;Puerta del Bálsamo;369900;in_construction;in_construction;Carretera a Nuevo Cuscatlán;3;4;;184;https://www.propilatam.com/sv/venta/puerta-del-balsamo/1013;;2026-08-26T15:56:45.880889+00:00;https://www.propilatam.com/sv/bienes-raices/comprar
c06cb6db-a1cf-4175-80a6-312dacce9c08;venta;proyecto_preventa;Sentosa Residences 523 - Torre A;1045000;in_construction;in_construction;Calle La Mascota 523, San Salvador, El Salvador;3;3;;290;https://www.propilatam.com/sv/venta/sentosa-residences-523---torre-a/1006;;2026-08-26T15:56:45.880896+00:00;https://www.propilatam.com/sv/bienes-raices/comprar
3e1b5e21-a65b-461d-bbfb-2c386a41c5cb;venta;proyecto_preventa;Sentosa Residences 523 - Torre B;759000;in_construction;in_construction;Calle La Mascota 523, San Salvador, El Salvador;3;3.5;;211;https://www.propilatam.com/sv/venta/sentosa-residences-523---torre-b/1020;;2026-08-26T15:56:45.880902+00:00;https://www.propilatam.com/sv/bienes-raices/comprar
a4d8aa46-e710-4d33-af84-0152008140f6;venta;proyecto_preventa;Horizon One;190000;in_plans;in_plans;Col. San Benito ;1;1.5;;47;https://www.propilatam.com/sv/venta/horizon-one/1091;;2026-08-26T15:56:45.880909+00:00;https://www.propilatam.com/sv/bienes-raices/comprar
e0d03f8e-f5e8-4565-ad72-d2878ee99900;venta;propiedad;Apartamento en Torre Maquilishuat;389000;published;created;Colonia Maquilishuat;3;3;2;154;https://www.propilatam.com/sv/venta/apartamento/propiedad/san-salvador/apartamento-en-colonia-maquilishuat-departamento-de-san-salvador/4433;1787091546576;2026-08-26T15:56:45.880917+00:00;https://www.propilatam.com/sv/bienes-raices/comprar
d2a57761-baa4-412c-b169-14397086a205;venta;propiedad;Terreno en San Benito;5400000;published;created;San Salvador;0;0;0;4000;https://www.propilatam.com/sv/venta/terreno/propiedad/san-salvador/terreno-en-colonia-san-benito-departamento-de-san-salvador/3933;1769466058817;2026-08-26T15:56:45.880934+00:00;https://www.propilatam.com/sv/bienes-raices/comprar
b286b3e0-2262-40c8-aa9e-4f66bb8476a4;venta;propiedad;Apartamento en Colonia San Benito;265000;published;created;San Salvador;2;2;2;110;https://www.propilatam.com/sv/venta/apartamento/propiedad/san-salvador/apartamento-en-colonia-san-benito-departamento-de-san-salvador/4152;1776902836258;2026-08-26T15:56:45.880947+00:00;https://www.propilatam.com/sv/bienes-raices/comprar
d550ffdb-d3b3-47f1-95f4-1b6b0d1112f1;venta;proyecto_preventa;San Benito 141 ;339500;in_construction;in_construction; Av. La Revolución, Col. San Benito;3;2;;113;https://www.propilatam.com/sv/venta/san-benito-141-/1073;;2026-08-26T15:56:45.880959+00:00;https://www.propilatam.com/sv/bienes-raices/comprar
ff31e34d-c5b1-459d-83b6-254b284aea3a;venta;propiedad;Apartamento en Colonia San Benito;540000;published;created;San Salvador;5;2;2;260;https://www.propilatam.com/sv/venta/apartamento/propiedad/san-salvador/apartamento-en-colonia-san-benito-departamento-de-san-salvador/3615;1758202272790;2026-08-26T15:56:45.880971+00:00;https://www.propilatam.com/sv/bienes-raices/comprar
69b180b3-9773-44f1-ad59-80789b2609b7;venta;propiedad;Apartamento en Condominio La Ceiba;325000;published;created;Colonia Escalón;3;2;2;140;https://www.propilatam.com/sv/venta/apartamento/propiedad/san-salvador/apartamento-en-colonia-escalon-departamento-de-san-salvador/4458;1787436553593;2026-08-26T15:56:45.880984+00:00;https://www.propilatam.com/sv/bienes-raices/comprar
8f429d06-9370-47ff-8820-5e625a5fa69e;venta;propiedad;Casa en La Mascota;540000;published;created;San Salvador;3;2;3;263;https://www.propilatam.com/sv/venta/casa/propiedad/san-salvador/casa-en-la-mascota-departamento-de-san-salvador/3780;1763565778146;2026-08-26T15:56:45.880996+00:00;https://www.propilatam.com/sv/bienes-raices/comprar
8daf11dc-8618-4e1d-9c7d-4d592bf10dfd;venta;propiedad;Apartamento en Condominio Bella Vista;275000;published;created;Colonia Escalón;3;2;2;86;https://www.propilatam.com/sv/venta/apartamento/propiedad/san-salvador/apartamento-en-colonia-escalon-departamento-de-san-salvador/3609;1758117906713;2026-08-26T15:56:45.881009+00:00;https://www.propilatam.com/sv/bienes-raices/comprar
502ecdef-c3be-46c1-b2f6-9e84d230219b;venta;propiedad;Apartamento en Torre Casa 159;675000;published;created;San Benito;3;3;2;205;https://www.propilatam.com/sv/venta/apartamento/propiedad/san-salvador/apartamento-en-torre-casa-159-departamento-de-san-salvador/4062;1773785866002;2026-08-26T15:56:45.881027+00:00;https://www.propilatam.com/sv/bienes-raices/comprar
461623a3-77ab-4fd7-a061-10f9cabe8ba7;venta;propiedad;Apartamento en Torre Casa 159;750000;published;created;San Benito;3;3;2;185;https://www.propilatam.com/sv/venta/apartamento/propiedad/san-salvador/apartamento-en-torre-casa-159-departamento-de-san-salvador/4150;1776897122266;2026-08-26T15:56:45.881040+00:00;https://www.propilatam.com/sv/bienes-raices/comprar
02ff604f-cf1e-4fdf-8d87-4ee3eb7896bd;venta;propiedad;Casa en San Benito;1875000;published;created;San Salvador;4;4;5;1054;https://www.propilatam.com/sv/venta/casa/propiedad/san-salvador/casa-en-san-benito-departamento-de-san-salvador/4327;1783621743341;2026-08-26T15:56:45.881054+00:00;https://www.propilatam.com/sv/bienes-raices/comprar
77395607-af69-4ccc-a89e-3fe09affb78a;venta;proyecto_preventa;Arela Skyhomes - San Benito;550000;in_plans;in_plans;# 3, Avenida Las Magnolias, Colonia San Benito, San Salvador, El Salvador;2;2;;145;https://www.propilatam.com/sv/venta/arela-skyhomes---san-benito/1113;;2026-08-26T15:56:45.881067+00:00;https://www.propilatam.com/sv/bienes-raices/comprar
dfaedfa3-0d66-474f-a813-a0266323bec6;venta;proyecto_preventa;Kin Escalón;208060;in_plans;in_plans;89 Avenida Norte 350, Colonia Escalón, San Salvador;1;1.5;;62;https://www.propilatam.com/sv/venta/kin-escalon/1065;;2026-08-26T15:56:45.881073+00:00;https://www.propilatam.com/sv/bienes-raices/comprar
92bf9664-fa90-47df-8b16-7edd6c62951b;venta;propiedad;Apartamento en Trelum;465000;published;disabled;La Mascota;3;2;2;131;https://www.propilatam.com/sv/venta/apartamento/propiedad/san-salvador/apartamento-en-la-mascota-departamento-de-san-salvador/4090;1774884943722;2026-08-26T15:56:45.881080+00:00;https://www.propilatam.com/sv/bienes-raices/comprar
09c0ffa6-25b8-40db-a022-d3642b55f2ae;venta;propiedad;Apartamento en Trelum;420000;published;disabled;La Mascota;2;2;2;131;https://www.propilatam.com/sv/venta/apartamento/propiedad/san-salvador/apartamento-en-trelum-departamento-de-san-salvador/2126;1760985563652;2026-08-26T15:56:45.881087+00:00;https://www.propilatam.com/sv/bienes-raices/comprar
5af4d5b3-a66a-40ef-8b70-5b6409f557e6;venta;propiedad;Apartamento en Trelum;380000;published;published;La Mascota;2;2;2;114;https://www.propilatam.com/sv/venta/apartamento/propiedad/san-salvador/apartamento-en-la-mascota-departamento-de-san-salvador/3570;1787249433763;2026-08-26T15:56:45.881094+00:00;https://www.propilatam.com/sv/bienes-raices/comprar
32665def-f701-4fed-b631-a3496bab512d;venta;propiedad;Apartamento en Condominio La Hacienda;230000;published;created;Colonia Escalón;2;2;0;75;https://www.propilatam.com/sv/venta/apartamento/propiedad/san-salvador/apartamento-en-colonia-escalon-departamento-de-san-salvador/4233;1779819224957;2026-08-26T15:56:45.881100+00:00;https://www.propilatam.com/sv/bienes-raices/comprar
550c0688-a9e2-44c1-b839-72f71013bec9;venta;propiedad;Apartamento en Torre Maya;324900;published;created;Colonia Escalón;3;2;2;106;https://www.propilatam.com/sv/venta/apartamento/propiedad/san-salvador/apartamento-en-colonia-escalon-departamento-de-san-salvador/3558;1755574532617;2026-08-26T15:56:45.881106+00:00;https://www.propilatam.com/sv/bienes-raices/comprar
47e2f81a-574c-40ee-8f9a-cbfc5cf97eb5;venta;propiedad;Apartamento en Torre Maya;297513;published;created;Colonia Escalón;3;2;2;110;https://www.propilatam.com/sv/venta/apartamento/propiedad/san-salvador/apartamento-en-colonia-escalon-departamento-de-san-salvador/3559;1755606497796;2026-08-26T15:56:45.881115+00:00;https://www.propilatam.com/sv/bienes-raices/comprar
951af8f8-4cd0-449f-9bbd-44ddd4b23085;venta;propiedad;Apartamento en Torre Maya;297000;published;rented_external;Colonia Escalón;3;2;2;106;https://www.propilatam.com/sv/venta/apartamento/propiedad/san-salvador/apartamento-en-colonia-escalon-departamento-de-san-salvador/3453;1752623406170;2026-08-26T15:56:45.881121+00:00;https://www.propilatam.com/sv/bienes-raices/comprar
913fd4c6-3ade-4da9-bbe0-702ec7a413a1;venta;propiedad;Apartamento en Torre Maya;286290;published;created;Colonia Escalón;3;2;2;106;https://www.propilatam.com/sv/venta/apartamento/propiedad/san-salvador/apartamento-en-colonia-escalon-departamento-de-san-salvador/3560;1755608824817;2026-08-26T15:56:45.881128+00:00;https://www.propilatam.com/sv/bienes-raices/comprar
28a236cd-2672-4527-a062-1765eb3e8d5b;venta;propiedad;Apartamento en Torre Maya;324900;published;created;Colonia Escalón;3;2;2;106;https://www.propilatam.com/sv/venta/apartamento/propiedad/san-salvador/apartamento-en-colonia-escalon-departamento-de-san-salvador/3557;1755574249014;2026-08-26T15:56:45.881136+00:00;https://www.propilatam.com/sv/bienes-raices/comprar
370f2682-d5d3-44d6-a28d-0c57c534cddb;venta;propiedad;Apartamento en Torre Maya;283000;published;taken;Colonia Escalón;3;2;2;110;https://www.propilatam.com/sv/venta/apartamento/propiedad/san-salvador/apartamento-en-torre-maya-departamento-de-san-salvador/3316;1750265323065;2026-08-26T15:56:45.881142+00:00;https://www.propilatam.com/sv/bienes-raices/comprar
84be10d2-a9b9-4b05-a139-b5f1208a3d18;venta;propiedad;Apartamento en Torre Maya;300240;published;created;Colonia Escalón;3;2;2;110;https://www.propilatam.com/sv/venta/apartamento/propiedad/san-salvador/apartamento-en-colonia-escalon-departamento-de-san-salvador/3561;1755610640098;2026-08-26T15:56:45.881149+00:00;https://www.propilatam.com/sv/bienes-raices/comprar
3c354141-fca3-449a-9147-7f5ab020d56c;venta;propiedad;Apartamento en Torre Maya;288000;published;created;Colonia Escalón;3;2;2;106;https://www.propilatam.com/sv/venta/apartamento/propiedad/san-salvador/apartamento-en-colonia-escalon-departamento-de-san-salvador/3562;1755639893706;2026-08-26T15:56:45.881155+00:00;https://www.propilatam.com/sv/bienes-raices/comprar
09ddb5ac-8c26-42f5-b68e-e83efd758d9e;venta;proyecto_preventa;Nest Zona Rosa;306050.1;in_plans;in_plans;Calle La Reforma, Col. San Benito;2;1.5;;91;https://www.propilatam.com/sv/venta/nest-zona-rosa/1100;;2026-08-26T15:56:45.881160+00:00;https://www.propilatam.com/sv/bienes-raices/comprar
6a4392eb-d1cb-4452-9c61-963431edf190;venta;propiedad;Apartamento en Condominio Montecastello;340000;published;created;Condominio Residencial Montecastello;3;3;2;150;https://www.propilatam.com/sv/venta/apartamento/propiedad/san-salvador/apartamento-en-condominio-residencial-montecastello-departamento-de-san-salvador/4027;1772655745321;2026-08-26T15:56:45.881167+00:00;https://www.propilatam.com/sv/bienes-raices/comprar
64365a75-20df-4c58-855c-6e99de9ed302;venta;propiedad;Casa en Colonia Escalón;575000;published;created;San Salvador;4;4;3;300;https://www.propilatam.com/sv/venta/casa/propiedad/san-salvador/casa-en-colonia-escalon-departamento-de-san-salvador/2644;1723498078580;2026-08-26T15:56:45.881174+00:00;https://www.propilatam.com/sv/bienes-raices/comprar
3dcf7bef-3f93-4b48-aa91-edfa6f436dde;venta;propiedad;Apartamento en San Benito 141;343230;published;created;Las Palmas;3;2;2;113;https://www.propilatam.com/sv/venta/apartamento/propiedad/san-salvador/apartamento-en-las-palmas-departamento-de-san-salvador/4012;1772144512457;2026-08-26T15:56:45.881180+00:00;https://www.propilatam.com/sv/bienes-raices/comprar
dde2c449-c5e2-4ed2-a30b-ace31115109c;venta;propiedad;Apartamento en Panorama Tower;315000;published;created;Colonia Escalón;2;2;2;165;https://www.propilatam.com/sv/venta/apartamento/propiedad/san-salvador/apartamento-en-colonia-escalon-departamento-de-san-salvador/4187;1778621309925;2026-08-26T15:56:45.881187+00:00;https://www.propilatam.com/sv/bienes-raices/comprar
04d05809-116e-4ee9-9021-5e70da38fd54;venta;propiedad;Apartamento en Panorama Tower;280000;published;created;Colonia Escalón;2;2;2;84;https://www.propilatam.com/sv/venta/apartamento/propiedad/san-salvador/apartamento-en-colonia-escalon-departamento-de-san-salvador/4245;1780285153581;2026-08-26T15:56:45.881193+00:00;https://www.propilatam.com/sv/bienes-raices/comprar
7673c758-4c39-4dc6-80f2-e6fff34bf29c;venta;propiedad;Apartamento en Panorama Tower;280000;published;created;Colonia Escalón;2;2;2;84;https://www.propilatam.com/sv/venta/apartamento/propiedad/san-salvador/apartamento-en-colonia-escalon-departamento-de-san-salvador/4166;1777592144596;2026-08-26T15:56:45.881201+00:00;https://www.propilatam.com/sv/bienes-raices/comprar
880877e9-6eea-4b23-8887-0adc84da8c49;venta;propiedad;Apartamento en Terra Alta;420000;published;created;Colonia Escalón;2;2;2;182;https://www.propilatam.com/sv/venta/apartamento/propiedad/san-salvador/apartamento-en-colonia-escalon-departamento-de-san-salvador/3911;1768600080212;2026-08-26T15:56:45.881208+00:00;https://www.propilatam.com/sv/bienes-raices/comprar
e43872eb-c96d-488b-b35c-902d97c5fdb9;venta;propiedad;Terreno en Colonia Escalón;1600000;published;created;San Salvador;0;0;0;21413;https://www.propilatam.com/sv/venta/terreno/propiedad/san-salvador/terreno-en-colonia-escalon-departamento-de-san-salvador/3425;1750090094369;2026-08-26T15:56:45.881214+00:00;https://www.propilatam.com/sv/bienes-raices/comprar
bfa25956-372a-41da-98e7-5f689d49c5ba;venta;propiedad;Casa en Colonia Escalón;980000;published;created;San Salvador;5;5;3;500;https://www.propilatam.com/sv/venta/casa/propiedad/san-salvador/casa-en-colonia-escalon-departamento-de-san-salvador/2933;1732298643595;2026-08-26T15:56:45.881221+00:00;https://www.propilatam.com/sv/bienes-raices/comprar
af526e82-63fd-4913-85ab-e7c8953b8b6e;venta;propiedad;Casa en Colonia Escalón;1400000;published;created;San Salvador;5;5;5;1000;https://www.propilatam.com/sv/venta/casa/propiedad/colonia-escalon/casa-en-colonia-escalon-departamento-de-san-salvador/3207;1741886034973;2026-08-26T15:56:45.881227+00:00;https://www.propilatam.com/sv/bienes-raices/comprar
4949fb23-e5ba-4260-8f8a-e38dcbe462d2;venta;propiedad;Apartamento en Colonia Escalón;370000;published;created;San Salvador;2;2;2;142;https://www.propilatam.com/sv/venta/apartamento/propiedad/colonia-escalon/apartamento-en-colonia-escalon-departamento-de-san-salvador/3166;1740418357542;2026-08-26T15:56:45.881236+00:00;https://www.propilatam.com/sv/bienes-raices/comprar
444d16bb-22ab-4646-acff-33ba7ec52f33;venta;propiedad;Casa en Colonia Escalón;1550000;published;created;San Salvador;3;3;5;0;https://www.propilatam.com/sv/venta/casa/propiedad/san-salvador/casa-en-colonia-escalon-departamento-de-san-salvador/2960;1733413124106;2026-08-26T15:56:45.881242+00:00;https://www.propilatam.com/sv/bienes-raices/comprar
133f5eff-93b9-415b-941b-3968e82b26a7;venta;propiedad;Apartamento en Colonia Escalón;250000;published;created;San Salvador;2;2;2;218;https://www.propilatam.com/sv/venta/apartamento/propiedad/san-salvador/apartamento-en-colonia-escalon-departamento-de-san-salvador/3837;1765635236656;2026-08-26T15:56:45.881249+00:00;https://www.propilatam.com/sv/bienes-raices/comprar
dd6cd041-429c-4eb3-b0ff-7708a02ec127;venta;propiedad;Casa en Colonia Escalón;750000;published;created;San Salvador;5;5;5;485;https://www.propilatam.com/sv/venta/casa/propiedad/san-salvador/casa-en-colonia-escalon-departamento-de-san-salvador/4157;1777004023520;2026-08-26T15:56:45.881255+00:00;https://www.propilatam.com/sv/bienes-raices/comprar
037039f3-801f-4609-ab31-d62f3c1a2566;venta;propiedad;Casa en Colonia Escalón;425000;published;created;San Salvador;3;2;2;350;https://www.propilatam.com/sv/venta/casa/propiedad/san-salvador/casa-en-colonia-escalon-departamento-de-san-salvador/4350;1784580920477;2026-08-26T15:56:45.881261+00:00;https://www.propilatam.com/sv/bienes-raices/comprar
1def71cb-496a-4086-9b38-6f6f2ca52aa0;venta;propiedad;Casa en Colonia Escalón;990000;published;created;San Salvador;5;4;3;250;https://www.propilatam.com/sv/venta/casa/propiedad/san-salvador/casa-en-colonia-escalon-departamento-de-san-salvador/4287;1782331825974;2026-08-26T15:56:45.881269+00:00;https://www.propilatam.com/sv/bienes-raices/comprar
1945818f-58c0-44ee-a53c-b5c141997d7c;venta;propiedad;Terreno en Colonia Escalón;245000;published;created;San Salvador;0;0;4;1575;https://www.propilatam.com/sv/venta/terreno/propiedad/san-salvador/terreno-en-colonia-escalon-departamento-de-san-salvador/3943;1769725806411;2026-08-26T15:56:45.881279+00:00;https://www.propilatam.com/sv/bienes-raices/comprar
b3a55535-e23f-425a-9638-4124283dfb51;venta;propiedad;Casa en Colonia Escalón;745000;published;created;San Salvador;5;5;4;432;https://www.propilatam.com/sv/venta/casa/propiedad/san-salvador/casa-en-colonia-escalon-departamento-de-san-salvador/4434;1787151454363;2026-08-26T15:56:45.881286+00:00;https://www.propilatam.com/sv/bienes-raices/comprar
2c0797cb-b2f8-4f89-9e1d-b93579a01a28;venta;propiedad;Casa en Colonia Escalón;279000;published;created;San Salvador;3;2;3;221;https://www.propilatam.com/sv/venta/casa/propiedad/san-salvador/casa-en-colonia-escalon-departamento-de-san-salvador/4218;1779491922025;2026-08-26T15:56:45.881292+00:00;https://www.propilatam.com/sv/bienes-raices/comprar
f2f3ecdb-3c6b-4d14-898f-2a50c98a758e;venta;propiedad;Apartamento en Colonia Escalón;260000;published;created;San Salvador;3;2;2;140;https://www.propilatam.com/sv/venta/apartamento/propiedad/san-salvador/apartamento-en-colonia-escalon-departamento-de-san-salvador/4263;1780962446901;2026-08-26T15:56:45.881299+00:00;https://www.propilatam.com/sv/bienes-raices/comprar
56c71e43-59e0-4782-b87f-ac39d86ef969;venta;propiedad;Apartamento en Colonia Escalón;290000;published;created;San Salvador;3;2;2;90;https://www.propilatam.com/sv/venta/apartamento/propiedad/san-salvador/apartamento-en-colonia-escalon-departamento-de-san-salvador/4306;1782842616370;2026-08-26T15:56:45.881305+00:00;https://www.propilatam.com/sv/bienes-raices/comprar
83612b70-8007-41dd-968d-34b43052dbd8;venta;propiedad;Terreno en Colonia Escalón;399000;published;created;San Salvador;0;0;0;1576;https://www.propilatam.com/sv/venta/terreno/propiedad/san-salvador/terreno-en-colonia-escalon-departamento-de-san-salvador/3664;1759671817459;2026-08-26T15:56:45.881311+00:00;https://www.propilatam.com/sv/bienes-raices/comprar
cae32268-1823-4023-b0f5-f0f60c0ebeba;venta;propiedad;Apartamento en Colonia Escalón;297000;published;created;San Salvador;3;2;2;127;https://www.propilatam.com/sv/venta/apartamento/propiedad/san-salvador/apartamento-en-colonia-escalon-departamento-de-san-salvador/4155;1776992869796;2026-08-26T15:56:45.881317+00:00;https://www.propilatam.com/sv/bienes-raices/comprar
244d3ef5-a959-4bd3-bee6-e865f56a04ec;venta;propiedad;Casa en Colonia Escalón;1010000;published;created;San Salvador;4;4;5;715;https://www.propilatam.com/sv/venta/casa/propiedad/san-salvador/casa-en-colonia-escalon-departamento-de-san-salvador/3869;1767131761758;2026-08-26T15:56:45.881324+00:00;https://www.propilatam.com/sv/bienes-raices/comprar
fe52193d-f946-417a-addc-e9bbd34cd635;venta;propiedad;Casa en Colonia Escalón;1600000;published;created;San Salvador;4;4;5;480;https://www.propilatam.com/sv/venta/casa/propiedad/san-salvador/casa-en-colonia-escalon-departamento-de-san-salvador/4165;1777587131497;2026-08-26T15:56:45.881330+00:00;https://www.propilatam.com/sv/bienes-raices/comprar
3ff6a382-8a98-468a-b968-204a799bb101;venta;propiedad;Apartamento en Colonia Escalón;275000;published;created;San Salvador;3;2;2;150;https://www.propilatam.com/sv/venta/apartamento/propiedad/san-salvador/apartamento-en-colonia-escalon-departamento-de-san-salvador/3865;1767117831344;2026-08-26T15:56:45.881339+00:00;https://www.propilatam.com/sv/bienes-raices/comprar
45033638-b4d2-4288-b90b-ba3dc8f719a3;venta;propiedad;Terreno en Colonia Escalón;695000;published;created;San Salvador;0;0;0;1391;https://www.propilatam.com/sv/venta/terreno/propiedad/san-salvador/terreno-en-colonia-escalon-departamento-de-san-salvador/4240;1779920886013;2026-08-26T15:56:45.881346+00:00;https://www.propilatam.com/sv/bienes-raices/comprar
1572e716-d876-49b3-913a-777fab8302a7;venta;propiedad;Casa en Colonia Escalón;545000;published;created;San Salvador;3;2;2;189;https://www.propilatam.com/sv/venta/casa/propiedad/san-salvador/casa-en-colonia-escalon-departamento-de-san-salvador/4395;1785889630388;2026-08-26T15:56:45.881352+00:00;https://www.propilatam.com/sv/bienes-raices/comprar
db730c81-1e59-4edc-8e28-c710551bba2c;venta;propiedad;Apartamento en Colonia Escalón;335000;published;created;San Salvador;3;2;2;123;https://www.propilatam.com/sv/venta/apartamento/propiedad/san-salvador/apartamento-en-colonia-escalon-departamento-de-san-salvador/4334;1784133377642;2026-08-26T15:56:45.881360+00:00;https://www.propilatam.com/sv/bienes-raices/comprar
9dc01fbd-0de5-42e7-b02b-411b20bb8a21;venta;propiedad;Casa en Colonia Escalón;440000;published;created;San Salvador;4;3;3;190;https://www.propilatam.com/sv/venta/casa/propiedad/san-salvador/casa-en-colonia-escalon-departamento-de-san-salvador/4459;1787438808751;2026-08-26T15:56:45.881366+00:00;https://www.propilatam.com/sv/bienes-raices/comprar
4a3b421b-9b1a-40a6-af5f-8d5d5f8b3479;venta;propiedad;Apartamento en Torre 91;310000;published;created;Colonia Escalón;3;2;2;170;https://www.propilatam.com/sv/venta/apartamento/propiedad/san-salvador/apartamento-en-colonia-escalon-departamento-de-san-salvador/3665;1759672647485;2026-08-26T15:56:45.881373+00:00;https://www.propilatam.com/sv/bienes-raices/comprar
eb4b797f-6bf1-4601-99a6-0b997fc81f23;venta;propiedad;Apartamento en Torre Premier;490000;published;created;Torre Premier;3;2;2;155;https://www.propilatam.com/sv/venta/apartamento/propiedad/san-salvador/apartamento-en-torre-premier-departamento-de-san-salvador/4394;1785888206750;2026-08-26T15:56:45.881379+00:00;https://www.propilatam.com/sv/bienes-raices/comprar
b539fff7-1c93-400a-a07f-cd3944de4a45;venta;propiedad;Apartamento en Torre nest;378100;published;created;San Benito;3;2;2;102;https://www.propilatam.com/sv/venta/apartamento/propiedad/san-salvador/apartamento-en-departamento-de-san-salvador/3985;1771532472887;2026-08-26T15:56:45.881386+00:00;https://www.propilatam.com/sv/bienes-raices/comprar
bda8688f-fc9e-43b8-8c2a-835f26be232f;venta;propiedad;Apartamento en Torre nest;350000;published;created;San Benito;3;2;2;108;https://www.propilatam.com/sv/venta/apartamento/propiedad/san-salvador/apartamento-en-san-benito-departamento-de-san-salvador/4427;1787000333567;2026-08-26T15:56:45.881392+00:00;https://www.propilatam.com/sv/bienes-raices/comprar
c53f292d-b80b-4c6c-9df6-2fc4eed97ccf;venta;proyecto_preventa;Nest San Benito;316638;in_plans;in_plans;Av. La Capilla, Colonia San Benito;3;3;;100;https://www.propilatam.com/sv/venta/nest-san-benito/1025;;2026-08-26T15:56:45.881399+00:00;https://www.propilatam.com/sv/bienes-raices/comprar
ba83d11d-b219-4c42-b203-42900fd83c3c;venta;proyecto_preventa;Reforma 150;309186;in_construction;in_construction;Calle la Reforma 150, Col. San Benito;2;2;;90;https://www.propilatam.com/sv/venta/reforma-150/1069;;2026-08-26T15:56:45.881409+00:00;https://www.propilatam.com/sv/bienes-raices/comprar
3f125f68-2004-4291-b304-c142b560f10d;venta;propiedad;Apartamento en Condominio Terranova;265000;published;created;Colonia San Benito;3;2;2;99;https://www.propilatam.com/sv/venta/apartamento/propiedad/san-salvador/apartamento-en-departamento-de-san-salvador/4040;1773080107802;2026-08-26T15:56:45.881419+00:00;https://www.propilatam.com/sv/bienes-raices/comprar
3ed0bbe8-5e59-43ad-b2a5-4f801b429234;venta;proyecto_preventa;Uno City Escalón ;142926.87;in_plans;in_plans;Colonia Escalón;1;1;;42;https://www.propilatam.com/sv/venta/uno-city-escalon-/1095;;2026-08-26T15:56:45.881425+00:00;https://www.propilatam.com/sv/bienes-raices/comprar
1751ede8-32d9-47df-9aca-e72c6f889224;venta;proyecto_preventa;Eleva 103;151500;in_plans;in_plans;Paseo Gral Escalon . Colonia Escalón;1;1;;49;https://www.propilatam.com/sv/venta/eleva-103/1101;;2026-08-26T15:56:45.881430+00:00;https://www.propilatam.com/sv/bienes-raices/comprar
f8f9deed-5241-47d9-8c63-8717fac92919;venta;propiedad;Apartamento en Campestre 105;600000;published;rented_external;Colonia Escalón;2;2;2;168;https://www.propilatam.com/sv/venta/casa/propiedad/san-salvador/casa-en-campestre-105-undefined/2844;1729635746779;2026-08-26T15:56:45.881437+00:00;https://www.propilatam.com/sv/bienes-raices/comprar
8e2d1e41-bf7b-4f0b-b18a-35677af40adf;venta;propiedad;Apartamento en Colonia Escalón;650000;published;rented_external;San Salvador;4;3;2;187;https://www.propilatam.com/sv/venta/apartamento/propiedad/san-salvador/apartamento-en-colonia-escalon-departamento-de-san-salvador/2932;1732299618736;2026-08-26T15:56:45.881443+00:00;https://www.propilatam.com/sv/bienes-raices/comprar
239b7224-3c70-4942-b405-35690954bec9;venta;propiedad;Apartamento en Condominio Las Arboledas;260000;published;created;Colonia Escalón;3;2;2;105;https://www.propilatam.com/sv/venta/apartamento/propiedad/san-salvador/apartamento-en-colonia-escalon-departamento-de-san-salvador/4362;1784768171309;2026-08-26T15:56:45.881449+00:00;https://www.propilatam.com/sv/bienes-raices/comprar
beb4afe6-0bdc-40dc-8668-f3c241c50293;venta;proyecto_preventa;Aria Escalón;233637.45;in_construction;in_construction;Colonia Escalón;1;1;;71;https://www.propilatam.com/sv/venta/aria-escalon/1102;;2026-08-26T15:56:45.881455+00:00;https://www.propilatam.com/sv/bienes-raices/comprar
02e7db7a-e9f7-4fa0-85e9-ca7221ef9e46;venta;propiedad;Casa en Portal La Castellana;850000;published;created;San Benito;4;4;2;305;https://www.propilatam.com/sv/venta/casa/propiedad/san-salvador/casa-en-san-benito-departamento-de-san-salvador/4238;1779901333057;2026-08-26T15:56:45.881462+00:00;https://www.propilatam.com/sv/bienes-raices/comprar
ac32f903-c719-4615-bede-23fe179662bb;venta;propiedad;Apartamento en Cielos de la Escalón;295000;published;created;Colonia Escalón;3;2;2;139;https://www.propilatam.com/sv/venta/apartamento/propiedad/san-salvador/apartamento-en-colonia-escalon-departamento-de-san-salvador/4464;1787703534952;2026-08-26T15:56:45.881469+00:00;https://www.propilatam.com/sv/bienes-raices/comprar
959e27bb-c5f1-4493-9300-f5a46be909c0;venta;propiedad;Apartamento en Condominio Triu;300000;published;rented_external;Colonia Escalón;3;2;2;110;https://www.propilatam.com/sv/venta/apartamento/propiedad/colonia-escalon/apartamento-en-condominio-triu-departamento-de-san-salvador/3154;1774298706125;2026-08-26T15:56:45.881478+00:00;https://www.propilatam.com/sv/bienes-raices/comprar
253bf954-98d0-425b-939b-6116bc76dd79;venta;propiedad;Apartamento en Condominio Triu;315000;published;created;Colonia Escalón;3;2;2;100;https://www.propilatam.com/sv/venta/apartamento/propiedad/san-salvador/apartamento-en-colonia-escalon-departamento-de-san-salvador/3613;1758201110878;2026-08-26T15:56:45.881484+00:00;https://www.propilatam.com/sv/bienes-raices/comprar
f2764f6c-9a8d-49e5-9388-040640e28077;venta;propiedad;Apartamento en Condominio Triu;275000;published;created;Colonia Escalón;3;2;2;99;https://www.propilatam.com/sv/venta/apartamento/propiedad/san-salvador/apartamento-en-colonia-escalon-departamento-de-san-salvador/4044;1773165007753;2026-08-26T15:56:45.881490+00:00;https://www.propilatam.com/sv/bienes-raices/comprar
74e10a0e-fb8f-485f-84a5-21cc0c94e47b;venta;propiedad;Apartamento en Altos Tower;329900;published;created;Colonia Escalón;3;3;2;110;https://www.propilatam.com/sv/venta/apartamento/propiedad/san-salvador/apartamento-en-colonia-escalon-departamento-de-san-salvador/3634;1758836748484;2026-08-26T15:56:45.881496+00:00;https://www.propilatam.com/sv/bienes-raices/comprar
9da4dddf-4496-4c39-ac8f-bdad24166fc6;venta;propiedad;Apartamento en Avitat Unique;220000;published;created;Colonia Escalon Norte;2;2;2;75;https://www.propilatam.com/sv/venta/apartamento/propiedad/san-salvador/apartamento-en-colonia-escalon-norte-departamento-de-san-salvador/4457;1787350541128;2026-08-26T15:56:45.881503+00:00;https://www.propilatam.com/sv/bienes-raices/comprar
882ef8e5-58f2-400d-af30-a6b0a89cebb0;venta;propiedad;Apartamento en Puerta del Alma I;405000;published;published;Antiguo Cuscatlán;2;2;2;102;https://www.propilatam.com/sv/venta/apartamento/propiedad/antiguo-cuscatlan/apartamento-en-puerta-del-alma-i-departamento-de-la-libertad/3132;1739394669228;2026-08-26T15:56:45.881510+00:00;https://www.propilatam.com/sv/bienes-raices/comprar
d4615376-5cf6-423d-99c3-edcf9783437f;venta;propiedad;Apartamento en Torre Jade;350000;published;created;Colonia Escalón;2;4;2;186;https://www.propilatam.com/sv/venta/apartamento/propiedad/san-salvador/apartamento-en-colonia-escalon-departamento-de-san-salvador/3420;1749770188294;2026-08-26T15:56:45.881516+00:00;https://www.propilatam.com/sv/bienes-raices/comprar
d614be78-ea62-43e7-b1c2-e38ea7489198;venta;propiedad;Apartamento en Alta 510;335000;published;created;Colonia Escalón;2;2;2;129;https://www.propilatam.com/sv/venta/apartamento/propiedad/san-salvador/apartamento-en-colonia-escalon-departamento-de-san-salvador/3941;1769719207289;2026-08-26T15:56:45.881522+00:00;https://www.propilatam.com/sv/bienes-raices/comprar
eaa91c20-d4ea-49c5-b752-2d8f7bf807db;venta;propiedad;Apartamento en Puerta del Alma II;410000;published;published;Antiguo Cuscatlán;2;2;2;105;https://www.propilatam.com/sv/venta/apartamento/propiedad/antiguo-cuscatlan/apartamento-en-puerta-del-alma-ii-departamento-de-la-libertad/3451;1784158567846;2026-08-26T15:56:45.881528+00:00;https://www.propilatam.com/sv/bienes-raices/comprar
952c3a90-9a4f-469d-afda-d4e61c3e830f;venta;propiedad;Casa en Residencial Guadalupe;750000;published;created;La Sultana;5;4;4;407;https://www.propilatam.com/sv/venta/casa/propiedad/antiguo-cuscatlan/casa-en-la-sultana-departamento-de-la-libertad/4168;1777601542648;2026-08-26T15:56:45.881534+00:00;https://www.propilatam.com/sv/bienes-raices/comprar
569850c4-a491-412c-981d-a47a9c498924;venta;propiedad;Apartamento en Abetos 23;271191;published;created;San Salvador;3;3;2;111;https://www.propilatam.com/sv/venta/apartamento/propiedad/san-salvador/apartamento-en-abetos-23-departamento-de-san-salvador/3235;1742847621364;2026-08-26T15:56:45.881543+00:00;https://www.propilatam.com/sv/bienes-raices/comprar
8dce42b7-7ec5-4748-98c1-c71c891eaa59;venta;propiedad;Apartamento en Abetos 23;316134;published;created;Colonia San Francisco;3;3;2;162;https://www.propilatam.com/sv/venta/apartamento/propiedad/san-salvador/apartamento-en-abetos-23-departamento-de-san-salvador/3237;1742864274356;2026-08-26T15:56:45.881551+00:00;https://www.propilatam.com/sv/bienes-raices/comprar
3d3203b4-44d0-4bab-a1e8-a2c863855743;venta;propiedad;Apartamento en Abetos 23;282260;published;created;Colonia San Francisco;3;3;2;111;https://www.propilatam.com/sv/venta/apartamento/propiedad/san-salvador/apartamento-en-abetos-23-departamento-de-san-salvador/3236;1742866083499;2026-08-26T15:56:45.881557+00:00;https://www.propilatam.com/sv/bienes-raices/comprar
a2224b7a-cc58-4810-bc82-e29755cee9d1;venta;propiedad;Apartamento en Puerta del Alma III;390000;published;taken;Antiguo Cuscatlán;2;2;2;104;https://www.propilatam.com/sv/venta/apartamento/propiedad/antiguo-cuscatlan/apartamento-en-puerta-del-alma-iii-departamento-de-la-libertad/3455;1775864488646;2026-08-26T15:56:45.881564+00:00;https://www.propilatam.com/sv/bienes-raices/comprar
48213805-ded9-48f8-8477-7c7d164a6d15;venta;propiedad;Apartamento en Puerta del Alma III;550000;published;created;Antiguo Cuscatlán;3;3;2;158;https://www.propilatam.com/sv/venta/apartamento/propiedad/antiguo-cuscatlan/apartamento-en-puerta-del-alma-iii-departamento-de-la-libertad/3931;1769120253473;2026-08-26T15:56:45.881570+00:00;https://www.propilatam.com/sv/bienes-raices/comprar
cdd44e21-3183-46a3-90bc-330fcb9210ce;venta;propiedad;Apartamento en Puerta del Alma III;585000;published;created;Antiguo Cuscatlán;3;2;2;158;https://www.propilatam.com/sv/venta/apartamento/propiedad/antiguo-cuscatlan/apartamento-en-puerta-del-alma-iii-departamento-de-la-libertad/4231;1779748366629;2026-08-26T15:56:45.881578+00:00;https://www.propilatam.com/sv/bienes-raices/comprar
e7f6fd74-bebd-40fe-8cc6-150f82a2faaf;venta;propiedad;Apartamento en Puerta del Alma III;550000;published;rented_external;Antiguo Cuscatlán;3;2;2;136;https://www.propilatam.com/sv/venta/apartamento/propiedad/antiguo-cuscatlan/apartamento-en-puerta-del-alma-iii-departamento-de-la-libertad/3176;1783184281249;2026-08-26T15:56:45.881584+00:00;https://www.propilatam.com/sv/bienes-raices/comprar
bcbd3a19-e19c-4360-80fe-74b5b4c76910;venta;propiedad;Casa en Torre Panamericana;265000;published;created;Colonia Escalón;3;3;2;138;https://www.propilatam.com/sv/venta/casa/propiedad/san-salvador/casa-en-colonia-escalon-departamento-de-san-salvador/3835;1765634783226;2026-08-26T15:56:45.881590+00:00;https://www.propilatam.com/sv/bienes-raices/comprar
39fb2b82-7210-4143-948b-97fe67763aa2;venta;proyecto_preventa;Casa Roma;197730;in_plans;in_plans;Urbanización Reparto Caribe Block #12, Colonia Escalon, San Salvador;2;2;;66;https://www.propilatam.com/sv/venta/casa-roma/1071;;2026-08-26T15:56:45.881596+00:00;https://www.propilatam.com/sv/bienes-raices/comprar
749445b8-a62f-44d3-974b-6920febda07c;venta;propiedad;Apartamento en Condominio Via Aurora;225000;published;created;Colonia Escalon Norte;2;2;2;75;https://www.propilatam.com/sv/venta/apartamento/propiedad/san-salvador/apartamento-en-colonia-escalon-norte-departamento-de-san-salvador/4335;1784135960494;2026-08-26T15:56:45.881602+00:00;https://www.propilatam.com/sv/bienes-raices/comprar
b96a6c0e-4607-4582-bbb8-4fd29c9c5e7c;venta;propiedad;Apartamento en The Flats;350000;published;created;Colonia Flor Blanca;3;2;2;180;https://www.propilatam.com/sv/venta/apartamento/propiedad/san-salvador/apartamento-en-the-flats-departamento-de-san-salvador/3161;1740171575957;2026-08-26T15:56:45.881610+00:00;https://www.propilatam.com/sv/bienes-raices/comprar
93954a37-4dfb-40f6-a720-2e0d311e8df2;venta;propiedad;Apartamento en Sole Blu;369000;published;created;Colonia San Francisco;3;2;2;160;https://www.propilatam.com/sv/venta/apartamento/propiedad/san-salvador/apartamento-en-sole-blu-departamento-de-san-salvador/3269;1743464559219;2026-08-26T15:56:45.881617+00:00;https://www.propilatam.com/sv/bienes-raices/comprar
b83a93bc-6d55-411a-90ee-fc10aee0f68e;venta;propiedad;Apartamento en Condominio San Antonio;206300;published;created;Colonia Escalon Norte;2;2;1;82;https://www.propilatam.com/sv/venta/apartamento/propiedad/san-salvador/apartamento-en-colonia-escalon-norte-departamento-de-san-salvador/3996;1772226908911;2026-08-26T15:56:45.881623+00:00;https://www.propilatam.com/sv/bienes-raices/comprar
78b7aeb4-f462-46a3-a763-8ffd00ba208d;venta;propiedad;Apartamento en Condominio San Antonio;235700;published;created;Colonia Escalon Norte;3;2;1;94;https://www.propilatam.com/sv/venta/apartamento/propiedad/san-salvador/apartamento-en-colonia-escalon-norte-departamento-de-san-salvador/3999;1772226951088;2026-08-26T15:56:45.881634+00:00;https://www.propilatam.com/sv/bienes-raices/comprar
047f36f6-29cc-4c5e-8ad6-956867f1c194;venta;propiedad;Apartamento en Condominio San Antonio;208000;published;created;Colonia Escalon Norte;2;2;1;82;https://www.propilatam.com/sv/venta/apartamento/propiedad/san-salvador/apartamento-en-colonia-escalon-norte-departamento-de-san-salvador/3994;1772482515303;2026-08-26T15:56:45.881642+00:00;https://www.propilatam.com/sv/bienes-raices/comprar
5b72b141-445e-4805-839e-f23db2beb9f0;venta;proyecto_preventa;Condominio San Antonio;206300;finalized;finalized;Calle los Cojos y Calle 15 de Septiembre San Antonio Abad, San Salvador;2;2;;82;https://www.propilatam.com/sv/venta/condominio-san-antonio/1104;;2026-08-26T15:56:45.881650+00:00;https://www.propilatam.com/sv/bienes-raices/comprar
a9030935-dc9a-4671-a0fa-9677332f2fa9;venta;propiedad;Apartamento en Condominio San Antonio;235700;published;created;Colonia Escalon Norte;3;2;1;94;https://www.propilatam.com/sv/venta/apartamento/propiedad/san-salvador/apartamento-en-colonia-escalon-norte-departamento-de-san-salvador/3998;1772226926523;2026-08-26T15:56:45.881658+00:00;https://www.propilatam.com/sv/bienes-raices/comprar
02424d80-7396-47a8-b3f2-3d9c3f9c241d;venta;propiedad;Apartamento en Condominio San Antonio;235700;published;created;Colonia Escalon Norte;3;2;1;94;https://www.propilatam.com/sv/venta/apartamento/propiedad/san-salvador/apartamento-en-colonia-escalon-norte-departamento-de-san-salvador/3997;1772226890484;2026-08-26T15:56:45.881664+00:00;https://www.propilatam.com/sv/bienes-raices/comprar
843deec5-aee2-439f-97af-feed6eed17ab;venta;propiedad;Casa en Colonia Escalon Norte;175000;published;created;San Salvador;3;2;2;175;https://www.propilatam.com/sv/venta/casa/propiedad/san-salvador/casa-en-colonia-escalon-norte-departamento-de-san-salvador/4450;1787269945650;2026-08-26T15:56:45.881671+00:00;https://www.propilatam.com/sv/bienes-raices/comprar
c01997ad-0d7a-425d-9f66-c0b0cdb2e3dc;venta;propiedad;Casa en Colonia Escalon Norte;320000;published;created;San Salvador;5;4;4;265;https://www.propilatam.com/sv/venta/casa/propiedad/san-salvador/casa-en-colonia-escalon-norte-departamento-de-san-salvador/4162;1777417160668;2026-08-26T15:56:45.881677+00:00;https://www.propilatam.com/sv/bienes-raices/comprar
c24991e0-4876-4638-b1f7-e3ff9fa98177;venta;propiedad;Casa en Colonia San Francisco;740000;published;created;San Salvador;4;3;4;609;https://www.propilatam.com/sv/venta/casa/propiedad/colonia-san-francisco/casa-en-colonia-san-francisco/2155;1707926394422;2026-08-26T15:56:45.881685+00:00;https://www.propilatam.com/sv/bienes-raices/comprar
f418dbf7-bbad-45f9-a547-ffdf296cf752;venta;propiedad;Apartamento en Capitello;290000;published;created;Colonia San Francisco;3;2;2;120;https://www.propilatam.com/sv/venta/apartamento/propiedad/san-salvador/apartamento-en-colonia-san-francisco-departamento-de-san-salvador/4182;1778263373670;2026-08-26T15:56:45.881692+00:00;https://www.propilatam.com/sv/bienes-raices/comprar
1daf1dd9-8d4c-49f7-9def-e75d1729ab98;venta;propiedad;Casa en Residencial Cumbres de Ambrogi;600000;published;created;Colonia Escalón;4;4;2;340;https://www.propilatam.com/sv/venta/casa/propiedad/antiguo-cuscatlan/casa-en-colonia-escalon-departamento-de-la-libertad/4061;1773780442976;2026-08-26T15:56:45.881698+00:00;https://www.propilatam.com/sv/bienes-raices/comprar
588146c8-ff4a-4249-851f-6eaa77cd9b63;venta;propiedad;Apartamento en San Salvador;225000;published;taken;San Salvador;2;2;2;76;https://www.propilatam.com/sv/venta/apartamento/propiedad/san-salvador/apartamento-en-san-salvador-departamento-de-san-salvador/1480;1683244414551;2026-08-26T15:56:45.881704+00:00;https://www.propilatam.com/sv/bienes-raices/comprar
12543c4c-1e39-45a1-b779-e9a31dcc56f3;venta;proyecto_preventa;Valto IGNIS - Torre I;185100;in_plans;in_plans;Avenida Masferrer Norte, San Salvador;1;1.5;;56;https://www.propilatam.com/sv/venta/valto-ignis---torre-i/1075;;2026-08-26T15:56:45.881710+00:00;https://www.propilatam.com/sv/bienes-raices/comprar
40faaf56-1912-4564-b2ec-7fa5557cbebd;venta;propiedad;Casa en Colonia San Francisco;590000;published;created;San Salvador;3;3;4;609;https://www.propilatam.com/sv/venta/casa/propiedad/san-salvador/casa-en-colonia-san-francisco-departamento-de-san-salvador/3827;1767045325936;2026-08-26T15:56:45.881717+00:00;https://www.propilatam.com/sv/bienes-raices/comprar
257652f8-2b16-46a5-830e-e99cd40983ca;venta;propiedad;Apartamento en Colonia San Francisco;237000;published;created;San Salvador;3;2;2;100;https://www.propilatam.com/sv/venta/apartamento/propiedad/san-salvador/apartamento-en-colonia-san-francisco-departamento-de-san-salvador/4030;1772667199162;2026-08-26T15:56:45.881723+00:00;https://www.propilatam.com/sv/bienes-raices/comprar
54f5fbeb-31b3-40db-87e3-5abab1986177;venta;propiedad;Apartamento en Colonia San Francisco;237000;published;created;San Salvador;3;2;2;114;https://www.propilatam.com/sv/venta/apartamento/propiedad/san-salvador/apartamento-en-colonia-san-francisco-departamento-de-san-salvador/4029;1772660384853;2026-08-26T15:56:45.881730+00:00;https://www.propilatam.com/sv/bienes-raices/comprar
4eebb0cd-6dc2-444b-a0a7-627b2993f4b5;venta;propiedad;Apartamento en Colonia San Francisco;290000;published;created;San Salvador;3;2;3;120;https://www.propilatam.com/sv/venta/apartamento/propiedad/san-salvador/apartamento-en-colonia-san-francisco-departamento-de-san-salvador/4028;1772656577119;2026-08-26T15:56:45.881736+00:00;https://www.propilatam.com/sv/bienes-raices/comprar
26f69bd2-e2a1-444a-9736-989470d1d247;venta;propiedad;Apartamento en Colonia San Francisco;250000;published;created;San Salvador;3;2;2;92;https://www.propilatam.com/sv/venta/apartamento/propiedad/san-salvador/apartamento-en-colonia-san-francisco-departamento-de-san-salvador/3867;1767118416682;2026-08-26T15:56:45.881742+00:00;https://www.propilatam.com/sv/bienes-raices/comprar
a80a0b16-1666-4afd-a4b1-e4bf5f2e83b6;venta;propiedad;Casa en Colonia San Francisco;195000;published;created;San Salvador;3;2;2;106;https://www.propilatam.com/sv/venta/casa/propiedad/san-salvador/casa-en-colonia-san-francisco-departamento-de-san-salvador/4460;1787608277686;2026-08-26T15:56:45.881750+00:00;https://www.propilatam.com/sv/bienes-raices/comprar
f56541ef-f10e-4f01-a682-d97a2285b185;venta;propiedad;Apartamento en Colonia San Francisco;275000;published;created;San Salvador;3;2;2;140;https://www.propilatam.com/sv/venta/apartamento/propiedad/san-salvador/apartamento-en-colonia-san-francisco-departamento-de-san-salvador/4140;1776380137600;2026-08-26T15:56:45.881756+00:00;https://www.propilatam.com/sv/bienes-raices/comprar
d9bfadaf-3474-476b-a47c-6b70a104e743;venta;proyecto_preventa;Valto IGNIS - Torre II;226600;in_plans;in_plans;Avenida Masferrer Norte, San Salvador;2;1.5;;77;https://www.propilatam.com/sv/venta/valto-ignis---torre-ii/1057;;2026-08-26T15:56:45.881761+00:00;https://www.propilatam.com/sv/bienes-raices/comprar
a352cc19-af56-4bdf-8c84-37483dbffa32;venta;propiedad;Casa en Colonia Escalón;1500000;published;disabled;San Salvador;3;4;4;650;https://www.propilatam.com/sv/venta/casa/propiedad/san-salvador/casa-en-colonia-escalon-departamento-de-san-salvador/2152;1707858574432;2026-08-26T15:56:45.881767+00:00;https://www.propilatam.com/sv/bienes-raices/comprar
dcdee4e8-653a-4fa6-aa25-9649034c4644;venta;propiedad;Apartamento en Torre Capitello 26;315000;published;created;Colonia San Francisco;3;3;2;121;https://www.propilatam.com/sv/venta/apartamento/propiedad/san-salvador/apartamento-en-colonia-san-francisco-departamento-de-san-salvador/3759;1762832855309;2026-08-26T15:56:45.881775+00:00;https://www.propilatam.com/sv/bienes-raices/comprar
8610a612-8eae-4c02-a13d-6edff317b79b;venta;propiedad;Apartamento en Torre Capitello 26;279000;published;created;Colonia San Francisco;3;2;2;104;https://www.propilatam.com/sv/venta/apartamento/propiedad/san-salvador/apartamento-en-colonia-san-francisco-departamento-de-san-salvador/3762;1762881481758;2026-08-26T15:56:45.881781+00:00;https://www.propilatam.com/sv/bienes-raices/comprar
5c398051-a36b-4d5e-af99-eefdd1c9967f;venta;propiedad;Apartamento en Torre Capitello 26;279000;published;created;Colonia San Francisco;3;2;2;104;https://www.propilatam.com/sv/venta/apartamento/propiedad/san-salvador/apartamento-en-colonia-san-francisco-departamento-de-san-salvador/3763;1763160591754;2026-08-26T15:56:45.881788+00:00;https://www.propilatam.com/sv/bienes-raices/comprar
ecd68471-5c53-4c84-9b37-2aaff9503ca7;venta;propiedad;Casa en Las Dalias;475000;published;created;Antiguo Cuscatlan ;5;2;3;270;https://www.propilatam.com/sv/venta/casa/propiedad/antiguo-cuscatlan/casa-en-antiguo-cuscatlan-departamento-de-la-libertad/4207;1779138943117;2026-08-26T15:56:45.881794+00:00;https://www.propilatam.com/sv/bienes-raices/comprar
2b0353bb-6dbb-4e9e-9773-b89abf5e3f8c;venta;propiedad;Apartamento en Torre Aria San Francisco;275000;published;created;Colonia San Francisco;3;2;2;108;https://www.propilatam.com/sv/venta/terreno/propiedad/san-salvador/terreno-en-colonia-san-francisco-departamento-de-san-salvador/3573;1760032135775;2026-08-26T15:56:45.881800+00:00;https://www.propilatam.com/sv/bienes-raices/comprar
0fb47f96-6265-4c0a-94ee-8cd8beffbeb8;venta;propiedad;Apartamento en Torre Aria San Francisco;285000;published;created;Colonia San Francisco;3;2;2;108;https://www.propilatam.com/sv/venta/apartamento/propiedad/san-salvador/apartamento-en-colonia-san-francisco-departamento-de-san-salvador/3576;1756146621281;2026-08-26T15:56:45.881808+00:00;https://www.propilatam.com/sv/bienes-raices/comprar
f8571406-5d2e-4d3f-a837-9231c8f920fc;venta;propiedad;Casa en Residencial Vista Hermosa 1;1000000;published;created;San Salvador;3;4;3;622;https://www.propilatam.com/sv/venta/casa/propiedad/san-salvador/casa-en-residencial-vista-hermosa-1-departamento-de-san-salvador/2771;1726841282835;2026-08-26T15:56:45.881816+00:00;https://www.propilatam.com/sv/bienes-raices/comprar
a4eadb1d-6ac2-43ac-a221-9cd84e7cc889;venta;propiedad;Terreno en Colonia Escalón;6037500;published;created;San Salvador;0;0;0;34500;https://www.propilatam.com/sv/venta/terreno/propiedad/colonia-escalon/terreno-en-colonia-escalon-departamento-de-san-salvador/2559;1721149605933;2026-08-26T15:56:45.881822+00:00;https://www.propilatam.com/sv/bienes-raices/comprar
ce65308d-acdf-4c7d-acdc-1241ef763d59;venta;propiedad;Apartamento en Vista Tower;299000;published;created;Colonia Escalon Norte;3;2;2;110;https://www.propilatam.com/sv/venta/apartamento/propiedad/san-salvador/apartamento-en-colonia-escalon-norte-departamento-de-san-salvador/3569;1755795737127;2026-08-26T15:56:45.881828+00:00;https://www.propilatam.com/sv/bienes-raices/comprar
74c63351-1d2a-4c6d-9cb7-d5633c1b1f34;venta;propiedad;Apartamento en Vista Tower;260000;published;rented_external;Colonia Escalon Norte;2;2;1;80;https://www.propilatam.com/sv/venta/apartamento/propiedad/san-salvador/apartamento-en-colonia-escalon-norte-departamento-de-san-salvador/4100;1775592994688;2026-08-26T15:56:45.881834+00:00;https://www.propilatam.com/sv/bienes-raices/comprar
17a0c8ea-d10a-4937-a74e-65c4c8567d9f;venta;propiedad;Apartamento en Vista Tower;255000;published;created;Colonia Escalon Norte;2;2;2;89;https://www.propilatam.com/sv/venta/apartamento/propiedad/san-salvador/apartamento-en-colonia-escalon-norte-departamento-de-san-salvador/3820;1766590123537;2026-08-26T15:56:45.881841+00:00;https://www.propilatam.com/sv/bienes-raices/comprar
fa934f2e-7328-4ced-9735-4ab6a03c3c8e;venta;propiedad;Apartamento en Vista Tower;280000;published;created;Colonia Escalon Norte;3;2;2;91;https://www.propilatam.com/sv/venta/apartamento/propiedad/san-salvador/apartamento-en-colonia-escalon-norte-departamento-de-san-salvador/3676;1760220567988;2026-08-26T15:56:45.881847+00:00;https://www.propilatam.com/sv/bienes-raices/comprar
e2551bee-879e-4b36-a2b1-58e4d7e4953c;venta;propiedad;Apartamento en Vista Tower;265000;published;created;Colonia Escalon Norte;2;2;2;74;https://www.propilatam.com/sv/venta/apartamento/propiedad/san-salvador/apartamento-en-colonia-escalon-norte-departamento-de-san-salvador/3789;1763569022093;2026-08-26T15:56:45.881853+00:00;https://www.propilatam.com/sv/bienes-raices/comprar
94944955-436d-4f26-a042-8e47ded6a153;venta;proyecto_preventa;Avitat Duo;258000;finalized;finalized;Colonia Escalón, Av Altavista;2;3;;92;https://www.propilatam.com/sv/venta/avitat-duo/1115;;2026-08-26T15:56:45.881859+00:00;https://www.propilatam.com/sv/bienes-raices/comprar
e19b0fcf-4b1d-4140-9e27-719792d235e4;venta;propiedad;Apartamento en Torre Avitat Duo;215000;published;created;Colonia Escalón;1;1;1;60;https://www.propilatam.com/sv/venta/apartamento/propiedad/san-salvador/apartamento-en-colonia-escalon-departamento-de-san-salvador/4441;1787182547516;2026-08-26T15:56:45.881865+00:00;https://www.propilatam.com/sv/bienes-raices/comprar
d2cba965-189a-4f9f-a635-75282e493f0b;venta;proyecto_preventa;Aluna Tower;155000;in_construction;in_construction;Av. Masferrer Norte, Colonia Escalón, San Salvador.;1;1;;42;https://www.propilatam.com/sv/venta/aluna-tower/1108;;2026-08-26T15:56:45.881871+00:00;https://www.propilatam.com/sv/bienes-raices/comprar
03f4bd94-7270-4eb4-b3e3-4e70adb59c46;venta;propiedad;Apartamento en Torre Mallorca;295000;published;created;Nu Lomas;3;2;2;153;https://www.propilatam.com/sv/venta/apartamento/propiedad/antiguo-cuscatlan/apartamento-en-nu-lomas-departamento-de-la-libertad/4082;1774304650420;2026-08-26T15:56:45.881879+00:00;https://www.propilatam.com/sv/bienes-raices/comprar
5743648e-60da-472f-85a0-029e41c03269;venta;propiedad;Apartamento en Condominio Vistas de Masferrer;310000;published;created;Colonia Escalon Norte;3;3;2;109;https://www.propilatam.com/sv/venta/apartamento/propiedad/san-salvador/apartamento-en-colonia-escalon-norte-departamento-de-san-salvador/3778;1763565281557;2026-08-26T15:56:45.881885+00:00;https://www.propilatam.com/sv/bienes-raices/comprar
99ed5380-8c07-4458-8774-d944497adb4b;venta;propiedad;Apartamento en San Francisco Tower;250000;published;created;Colonia San Francisco;3;2;2;82;https://www.propilatam.com/sv/venta/apartamento/propiedad/san-salvador/apartamento-en-san-francisco-tower-departamento-de-san-salvador/3195;1741385221067;2026-08-26T15:56:45.881891+00:00;https://www.propilatam.com/sv/bienes-raices/comprar
daae59ec-ded7-48c1-bf54-07c6279a6d84;venta;propiedad;Apartamento en San Francisco Tower;255000;published;created;Colonia San Francisco;2;2;2;84;https://www.propilatam.com/sv/venta/apartamento/propiedad/san-salvador/apartamento-en-colonia-san-francisco-departamento-de-san-salvador/4071;1774024570623;2026-08-26T15:56:45.881899+00:00;https://www.propilatam.com/sv/bienes-raices/comprar
cfb4ac61-374e-439d-8edf-23385611b78b;venta;propiedad;Apartamento en San Francisco Tower;220000;published;created;Colonia San Francisco;2;2;2;75;https://www.propilatam.com/sv/venta/apartamento/propiedad/san-salvador/apartamento-en-colonia-san-francisco-departamento-de-san-salvador/4349;1785452290380;2026-08-26T15:56:45.881905+00:00;https://www.propilatam.com/sv/bienes-raices/comprar
09bbcaf7-a3d1-4193-8dc6-35c3a5220c61;venta;propiedad;Casa en Alpes de la Escalón;650000;published;rented_external;Colonia Escalón;4;4;3;450;https://www.propilatam.com/sv/venta/casa/propiedad/san-salvador/casa-en-colonia-escalon-departamento-de-san-salvador/3108;1738949549188;2026-08-26T15:56:45.881912+00:00;https://www.propilatam.com/sv/bienes-raices/comprar
3008c025-9906-4370-9cfe-c0afbf667d95;venta;propiedad;Apartamento en Torre Lomas 500;337000;published;created;Nu Lomas;3;2;2;102;https://www.propilatam.com/sv/venta/apartamento/propiedad/san-salvador/apartamento-en-nu-lomas-departamento-de-san-salvador/4049;1773434123683;2026-08-26T15:56:45.881918+00:00;https://www.propilatam.com/sv/bienes-raices/comprar
2d0a5380-640a-4958-810e-d7bd575a0b59;venta;propiedad;Apartamento en Torre Lomas 500;285000;published;published;Nu Lomas;3;2;2;102;https://www.propilatam.com/sv/venta/apartamento/propiedad/san-salvador/apartamento-en-nu-lomas-departamento-de-san-salvador/4186;1787185117849;2026-08-26T15:56:45.881924+00:00;https://www.propilatam.com/sv/bienes-raices/comprar
6e86734d-1413-4d60-8e5a-75ab920eae02;venta;propiedad;Casa en Antiguo Cuscatlan;690000;published;created;Antiguo Cuscatlán;3;3;4;395;https://www.propilatam.com/sv/venta/casa/propiedad/antiguo-cuscatlan/casa-en-antiguo-cuscatlan-departamento-de-la-libertad/4333;1783977001562;2026-08-26T15:56:45.881930+00:00;https://www.propilatam.com/sv/bienes-raices/comprar
45e94f81-5c48-4fcb-b320-624cb478bc61;venta;propiedad;Casa en Antiguo Cuscatlan;350000;published;created;Antiguo Cuscatlán;4;3;3;204;https://www.propilatam.com/sv/venta/apartamento/propiedad/antiguo-cuscatlan/apartamento-en-antiguo-cuscatlan-departamento-de-la-libertad/4000;1771954112258;2026-08-26T15:56:45.881936+00:00;https://www.propilatam.com/sv/bienes-raices/comprar
681f0985-7d61-4dd2-acb8-fb6c45621ddf;venta;propiedad;Casa en Antiguo Cuscatlan;525000;published;disabled;Antiguo Cuscatlán;3;3;3;252;https://www.propilatam.com/sv/venta/casa/propiedad/antiguo-cuscatlan/casa-en-antiguo-cuscatlan-departamento-de-la-libertad/4077;1774282343838;2026-08-26T15:56:45.881944+00:00;https://www.propilatam.com/sv/bienes-raices/comprar
37a3a546-a09a-4678-ba5f-0fa3c8f2e2c7;venta;propiedad;Casa en Colonia El Rosal;250000;published;created;San Salvador;3;2;2;200;https://www.propilatam.com/sv/venta/casa/propiedad/san-salvador/casa-en-colonia-el-rosal-departamento-de-san-salvador/4211;1779311371497;2026-08-26T15:56:45.881951+00:00;https://www.propilatam.com/sv/bienes-raices/comprar
5919dcde-168c-4f52-9341-9a261d83f768;venta;proyecto_preventa;Torre 55;92990;in_plans;in_plans;55 avenida norte, Colonia Flor Blanca;1;1;;34;https://www.propilatam.com/sv/venta/torre-55/1105;;2026-08-26T15:56:45.881956+00:00;https://www.propilatam.com/sv/bienes-raices/comprar
22839077-5ce5-4236-ab6b-b8923af877d6;venta;propiedad;Casa en San Antonio Abad;275000;published;rented_external;San Salvador;3;3;2;120;https://www.propilatam.com/sv/venta/casa/propiedad/san-salvador/casa-en-san-antonio-abad-departamento-de-san-salvador/3031;1736790706500;2026-08-26T15:56:45.881964+00:00;https://www.propilatam.com/sv/bienes-raices/comprar
fdacf3fc-cb41-4c48-8298-91a51b069601;venta;propiedad;Casa en Lomas de San Francisco;1150000;published;created;Antiguo Cuscatlán;5;5;5;662;https://www.propilatam.com/sv/venta/casa/propiedad/lomas-de-san-francisco/casa-en-lomas-de-san-francisco/2470;1718301073803;2026-08-26T15:56:45.881970+00:00;https://www.propilatam.com/sv/bienes-raices/comprar
6983dbd6-1eb7-4d58-b40f-ea696ddd3748;venta;propiedad;Casa en Lomas de San Francisco;1200000;published;created;Antiguo Cuscatlán;5;5;5;607;https://www.propilatam.com/sv/venta/casa/propiedad/antiguo-cuscatlan/casa-en-lomas-de-san-francisco-departamento-de-la-libertad/3806;1764253703624;2026-08-26T15:56:45.881976+00:00;https://www.propilatam.com/sv/bienes-raices/comprar
714c45f1-a2ea-41b0-be3f-483b4eee33f2;venta;propiedad;Apartamento en Lomas de San Francisco;275000;published;created;Antiguo Cuscatlán;2;2;2;114;https://www.propilatam.com/sv/venta/apartamento/propiedad/antiguo-cuscatlan/apartamento-en-lomas-de-san-francisco-departamento-de-la-libertad/3608;1758043921575;2026-08-26T15:56:45.881983+00:00;https://www.propilatam.com/sv/bienes-raices/comprar
0067f56b-66ff-4646-b7f1-da2d74d7f8dd;venta;propiedad;Apartamento en Nu Lomas;330000;published;created;Antiguo Cuscatlán;3;3;2;153;https://www.propilatam.com/sv/venta/apartamento/propiedad/antiguo-cuscatlan/apartamento-en-lomas-de-san-francisco-departamento-de-la-libertad/3564;1755558461824;2026-08-26T15:56:45.881991+00:00;https://www.propilatam.com/sv/bienes-raices/comprar
c829c7b5-c1fb-4f9d-a879-3d6a4a4d99eb;venta;propiedad;Apartamento en Nu Lomas;265000;published;rented_external;Nu Lomas;2;2;2;65;https://www.propilatam.com/sv/venta/apartamento/propiedad/antiguo-cuscatlan/apartamento-en-lomas-de-san-francisco-departamento-de-la-libertad/3645;1763067230250;2026-08-26T15:56:45.881998+00:00;https://www.propilatam.com/sv/bienes-raices/comprar
04848f3f-50df-4083-a580-9f305b0288b8;venta;propiedad;Casa en Colonia Miramonte;269000;published;created;San Salvador;3;2;2;129;https://www.propilatam.com/sv/venta/casa/propiedad/san-salvador/casa-en-colonia-miramonte-departamento-de-san-salvador/4018;1772495772911;2026-08-26T15:56:45.882005+00:00;https://www.propilatam.com/sv/bienes-raices/comprar
ccb52d36-e69e-47c0-bdef-dbc50212a082;venta;propiedad;Casa en Lomas de San Francisco;400000;published;rented_external;Nu Lomas;3;3;2;180;https://www.propilatam.com/sv/venta/casa/propiedad/antiguo-cuscatlan/casa-en-nu-lomas-departamento-de-la-libertad/4367;1785279542713;2026-08-26T15:56:45.882012+00:00;https://www.propilatam.com/sv/bienes-raices/comprar
2946dc5e-f921-4e31-89bc-22ac16487988;venta;propiedad;Casa en Lomas de San Francisco;275000;published;created;Nu Lomas;4;2;2;142;https://www.propilatam.com/sv/venta/casa/propiedad/antiguo-cuscatlan/casa-en-nu-lomas-departamento-de-la-libertad/4205;1779423761458;2026-08-26T15:56:45.882019+00:00;https://www.propilatam.com/sv/bienes-raices/comprar
bcedc5e6-66c7-4eec-85f2-f8f880f82db7;venta;propiedad;Casa en Colonia Miralvalle;850000;published;created;San Salvador;4;4;4;812;https://www.propilatam.com/sv/venta/casa/propiedad/san-salvador/casa-en-colonia-miralvalle-departamento-de-san-salvador/4004;1772054277536;2026-08-26T15:56:45.882025+00:00;https://www.propilatam.com/sv/bienes-raices/comprar
6f515bda-1ce8-450f-9861-d01289c8424a;venta;propiedad;Casa en Zona comercial Boulevard Santa Elena;475000;published;created;Antiguo Cuscatlán;3;3;2;280;https://www.propilatam.com/sv/venta/casa/propiedad/antiguo-cuscatlan/casa-en-zona-comercial-boulevard-santa-elena-departamento-de-la-libertad/4300;1782516207084;2026-08-26T15:56:45.882031+00:00;https://www.propilatam.com/sv/bienes-raices/comprar
1fcda2f8-2c07-482e-85aa-a420dbe0de78;venta;propiedad;Casa en Lomas de Altamira;499000;published;disabled;San Salvador;3;2;2;325;https://www.propilatam.com/sv/venta/casa/propiedad/san-salvador/casa-en-lomas-de-altamira-departamento-de-san-salvador/2865;1730312332121;2026-08-26T15:56:45.882038+00:00;https://www.propilatam.com/sv/bienes-raices/comprar
d551a629-096d-4b0c-937e-ed50a552a701;venta;propiedad;Casa en Villa de Cuscatlan;530000;published;created;Residencial Villas de Cuscatlán;4;3;3;449;https://www.propilatam.com/sv/venta/casa/propiedad/antiguo-cuscatlan/casa-en-residencial-villas-de-cuscatlan-departamento-de-la-libertad/4008;1772141633340;2026-08-26T15:56:45.882050+00:00;https://www.propilatam.com/sv/bienes-raices/comprar
fba8ce3a-87a4-4a56-8d48-dc9802867ec6;venta;propiedad;Casa en Residencial Santa Elena;312000;published;created;Antiguo Cuscatlán;3;2;2;136;https://www.propilatam.com/sv/venta/casa/propiedad/antiguo-cuscatlan/casa-en-residencial-santa-elena-departamento-de-la-libertad/4312;1782869079315;2026-08-26T15:56:45.882061+00:00;https://www.propilatam.com/sv/bienes-raices/comprar
147436ab-c9a5-4668-9f63-cd0b7c85ea89;venta;propiedad;Casa en Residencial Santa Elena;1200000;published;published;Antiguo Cuscatlán;3;3;3;353;https://www.propilatam.com/sv/venta/casa/propiedad/antiguo-cuscatlan/casa-en-residencial-santa-elena-departamento-de-la-libertad/3395;1749158499061;2026-08-26T15:56:45.882073+00:00;https://www.propilatam.com/sv/bienes-raices/comprar
400b0b86-5dd8-45fb-98e0-7f68e21e3ded;venta;propiedad;Casa en Residencial Altavista;1100000;published;created;San Salvador;5;5;5;900;https://www.propilatam.com/sv/venta/casa/propiedad/residencial-altavista/casa-en-residencial-altavista/2300;1713154531615;2026-08-26T15:56:45.882085+00:00;https://www.propilatam.com/sv/bienes-raices/comprar
2b20d261-e1d7-42c8-9a8d-c70167177d86;venta;propiedad;Casa en Jardines de la Libertad;640000;published;created;Santa Tecla;3;3;3;450;https://www.propilatam.com/sv/venta/casa/propiedad/santa-tecla/casa-en-jardines-de-la-libertad-departamento-de-la-libertad/3829;1765548197817;2026-08-26T15:56:45.882097+00:00;https://www.propilatam.com/sv/bienes-raices/comprar
e3e5066f-617b-4ab1-b9db-069f2a9eeebc;venta;propiedad;Casa en Zona comercial Jardines de Merliot;298000;published;created;Santa Tecla;4;5;2;170;https://www.propilatam.com/sv/venta/casa/propiedad/santa-tecla/casa-en-zona-comercial-jardines-de-merliot-departamento-de-la-libertad/3901;1768475453844;2026-08-26T15:56:45.882118+00:00;https://www.propilatam.com/sv/bienes-raices/comprar
0fa59463-8acd-4154-8dfa-ed762f752fe5;venta;propiedad;Casa en Calle Xochiquetzal;650000;published;created;Cumbres de Cuscatlan;5;5;3;396;https://www.propilatam.com/sv/venta/casa/propiedad/antiguo-cuscatlan/casa-en-cumbres-de-cuscatlan-departamento-de-la-libertad/4217;1779770092452;2026-08-26T15:56:45.882138+00:00;https://www.propilatam.com/sv/bienes-raices/comprar
a7aadcf2-5d9c-4a8e-aa40-adca5d1f5a7d;venta;propiedad;Casa en Lomas de Altamira;1500000;published;created;San Salvador;4;5;4;853;https://www.propilatam.com/sv/venta/casa/propiedad/san-salvador/casa-en-lomas-de-altamira-departamento-de-san-salvador/2531;1720453528883;2026-08-26T15:56:45.882150+00:00;https://www.propilatam.com/sv/bienes-raices/comprar
391655c5-4e75-42db-ae40-e65b28edbfbb;venta;propiedad;Apartamento en Torre Allegro;270000;published;created;Loma Linda, Las Acacias, San Francisco;2;2;2;110;https://www.propilatam.com/sv/venta/apartamento/propiedad/san-salvador/apartamento-en-loma-linda--las-acacias--san-francisco-departamento-de-san-salvador/4043;1773100449913;2026-08-26T15:56:45.882163+00:00;https://www.propilatam.com/sv/bienes-raices/comprar
3a868dcd-f826-402c-97be-b97d5a5f9c22;venta;propiedad;Casa en Residencial Bosques de Santa Teresa;650000;published;published;Santa Tecla;4;3;3;372;https://www.propilatam.com/sv/venta/casa/propiedad/santa-tecla/casa-en-residencial-bosques-de-santa-teresa-departamento-de-la-libertad/3002;1735322284209;2026-08-26T15:56:45.882176+00:00;https://www.propilatam.com/sv/bienes-raices/comprar
7d41ba35-8479-4610-aa7f-abbe651930bd;venta;propiedad;Casa en Residencial Bosques de Santa Teresa;480000;published;created;Santa Tecla;4;4;5;377;https://www.propilatam.com/sv/venta/casa/propiedad/santa-tecla/casa-en-residencial-bosques-de-santa-teresa-departamento-de-la-libertad/2980;1734045917654;2026-08-26T15:56:45.882189+00:00;https://www.propilatam.com/sv/bienes-raices/comprar
cc37b7d1-ca7a-4cc1-9cd4-be821c614595;venta;propiedad;Casa en Residencial Bosques de Santa Teresa;485000;published;created;Santa Tecla;3;2;3;350;https://www.propilatam.com/sv/venta/casa/propiedad/santa-tecla/casa-en-residencial-bosques-de-santa-teresa-departamento-de-la-libertad/3357;1747431994817;2026-08-26T15:56:45.882198+00:00;https://www.propilatam.com/sv/bienes-raices/comprar
21bcf029-16ce-49a7-a62f-d91790ec78c3;venta;propiedad;Casa en Residencial Bosques de Santa Teresa;550000;published;created;Santa Tecla;3;3;3;329;https://www.propilatam.com/sv/venta/casa/propiedad/santa-tecla/casa-en-residencial-bosques-de-santa-teresa-departamento-de-la-libertad/4375;1785003860651;2026-08-26T15:56:45.882206+00:00;https://www.propilatam.com/sv/bienes-raices/comprar
f38f06c9-4c97-416a-a9d1-2d4893e14055;venta;propiedad;Casa en Jardines de Merliot;240000;published;disabled;Santa Tecla;3;1;2;180;https://www.propilatam.com/sv/venta/casa/propiedad/santa-tecla/casa-en-jardines-de-merliot-departamento-de-la-libertad/2876;1730741442112;2026-08-26T15:56:45.882213+00:00;https://www.propilatam.com/sv/bienes-raices/comprar
4d824ecc-fa77-450e-8dd6-74c4e1ee4fe5;venta;proyecto_preventa;Vistas 75 Edificio B;226920.2;in_plans;in_plans;Final de 75 Av. Norte. San Salvador, El Salvador.;2;3;;83;https://www.propilatam.com/sv/venta/vistas-75-edificio-b/1045;;2026-08-26T15:56:45.882220+00:00;https://www.propilatam.com/sv/bienes-raices/comprar
b78d7e71-a2d5-40a8-8482-2dc540d53510;venta;proyecto_preventa;Vistas 75 Edificio A;226920.2;in_plans;in_plans;Final 75 Av. Norte, San Salvador. El Salvador.;3;3;;83;https://www.propilatam.com/sv/venta/vistas-75-edificio-a/1044;;2026-08-26T15:56:45.882231+00:00;https://www.propilatam.com/sv/bienes-raices/comprar
fc312805-495f-46a3-b942-d96944640426;venta;propiedad;Apartamento en Fauve;345000;published;created;Zona comercial Las Ramblas;3;2;2;150;https://www.propilatam.com/sv/venta/apartamento/propiedad/santa-tecla/apartamento-en-zona-comercial-las-ramblas-departamento-de-la-libertad/4283;1781889729577;2026-08-26T15:56:45.882238+00:00;https://www.propilatam.com/sv/bienes-raices/comprar
0602c7f4-bf1c-43b0-8025-2f337f3d9ce6;venta;propiedad;Apartamento en Fauve;325000;published;created;Zona comercial Las Ramblas;2;2;2;117;https://www.propilatam.com/sv/venta/apartamento/propiedad/santa-tecla/apartamento-en-zona-comercial-las-ramblas-departamento-de-la-libertad/4310;1782863002324;2026-08-26T15:56:45.882245+00:00;https://www.propilatam.com/sv/bienes-raices/comprar
9637d736-43d7-4a44-a249-285ba39c0b4d;venta;propiedad;Apartamento en Fauve;325000;published;created;Zona comercial Las Ramblas;2;2;2;117;https://www.propilatam.com/sv/venta/apartamento/propiedad/santa-tecla/apartamento-en-zona-comercial-las-ramblas-departamento-de-la-libertad/4406;1786466002435;2026-08-26T15:56:45.882252+00:00;https://www.propilatam.com/sv/bienes-raices/comprar
5d0d8b5d-5e1d-48a7-abfa-8cebe735543c;venta;propiedad;Apartamento en Fauve;290000;published;created;Zona comercial Las Ramblas;2;2;2;90;https://www.propilatam.com/sv/venta/apartamento/propiedad/santa-tecla/apartamento-en-zona-comercial-las-ramblas-departamento-de-la-libertad/3711;1761409025030;2026-08-26T15:56:45.882258+00:00;https://www.propilatam.com/sv/bienes-raices/comprar
2144e626-835b-416e-9b75-96cae9305618;venta;propiedad;Apartamento en Fauve;320000;published;created;Zona comercial Las Ramblas;2;2;2;86;https://www.propilatam.com/sv/venta/apartamento/propiedad/santa-tecla/apartamento-en-zona-comercial-las-ramblas-departamento-de-la-libertad/4292;1782401070266;2026-08-26T15:56:45.882265+00:00;https://www.propilatam.com/sv/bienes-raices/comprar
e7034aa0-f303-4eeb-bf2e-c299aca4350c;venta;propiedad;Casa en Colonia Buenos Aires;305000;published;created;San Salvador;5;2;2;237;https://www.propilatam.com/sv/venta/casa/propiedad/san-salvador/casa-en-colonia-buenos-aires-departamento-de-san-salvador/2782;1727300178046;2026-08-26T15:56:45.882272+00:00;https://www.propilatam.com/sv/bienes-raices/comprar
03799685-0bdf-4ae3-a8b3-0c7d00f57781;venta;propiedad;Casa en Calle Izalco;495000;published;created;Arcos de Santa Elena;5;4;5;273;https://www.propilatam.com/sv/venta/casa/propiedad/antiguo-cuscatlan/casa-en-arcos-de-santa-elena-departamento-de-la-libertad/4384;1785194415000;2026-08-26T15:56:45.882281+00:00;https://www.propilatam.com/sv/bienes-raices/comprar
365f9fde-c5e1-4901-bb57-41e287793bb8;venta;propiedad;Casa en Pasaje L;975000;published;published;Urbanización Madre Selva;5;4;4;550;https://www.propilatam.com/sv/venta/casa/propiedad/antiguo-cuscatlan/casa-en-urbanizacion-madre-selva-departamento-de-la-libertad/1403;1760479220438;2026-08-26T15:56:45.882291+00:00;https://www.propilatam.com/sv/bienes-raices/comprar
b08aaf58-619f-4bbc-a30f-deb003c0c2a5;venta;propiedad;Casa en Ciudad Satelite;340000;published;created;San Salvador;3;2;2;213;https://www.propilatam.com/sv/venta/casa/propiedad/san-salvador/casa-en-ciudad-satelite-departamento-de-san-salvador/4323;1783458973892;2026-08-26T15:56:45.882299+00:00;https://www.propilatam.com/sv/bienes-raices/comprar
bf30aa8a-fef4-4397-a550-b2268fb52e96;venta;proyecto_preventa;Ópera La Montaña;201000;in_plans;in_plans;La montaña, Santa Tecla;2;2.5;;78;https://www.propilatam.com/sv/venta/opera-la-montana/1088;;2026-08-26T15:56:45.882310+00:00;https://www.propilatam.com/sv/bienes-raices/comprar
c7eb3846-ba26-4ffc-8791-e9ec74ae0d34;venta;proyecto_preventa;Altivo;236231;in_plans;in_plans;Calle a Huizucar, Altos de la Cima, San Salvador;3;2;;76;https://www.propilatam.com/sv/venta/altivo/1049;;2026-08-26T15:56:45.882320+00:00;https://www.propilatam.com/sv/bienes-raices/comprar
64c9ffff-e4e9-4176-bcb6-5debb6bc25d0;venta;propiedad;Apartamento en Luces de la Montaña;269000;published;created;Luces de la Montaña;2;2;2;100;https://www.propilatam.com/sv/venta/apartamento/propiedad/santa-tecla/apartamento-en-luces-de-la-montana-departamento-de-la-libertad/4405;1786400880837;2026-08-26T15:56:45.882327+00:00;https://www.propilatam.com/sv/bienes-raices/comprar
7f8bccc5-d088-47cd-bc70-950ff429cf83;venta;propiedad;Apartamento en Luces de la Montaña;355000;published;rented_external;Santa Tecla;3;2;2;220;https://www.propilatam.com/sv/venta/apartamento/propiedad/santa-tecla/apartamento-en-luces-de-la-montana-departamento-de-la-libertad/3260;1764799595010;2026-08-26T15:56:45.882334+00:00;https://www.propilatam.com/sv/bienes-raices/comprar
f9711063-426a-47e5-ba14-0d6508b0850a;venta;propiedad;Terreno en Portones de Madreselva 1;825000;published;disabled;Antiguo Cuscatlán;0;0;0;2217;https://www.propilatam.com/sv/venta/terreno/propiedad/antiguo-cuscatlan/terreno-en-pasaje-j-departamento-de-la-libertad/2849;1730243476591;2026-08-26T15:56:45.882353+00:00;https://www.propilatam.com/sv/bienes-raices/comprar
034b3a62-ef04-4a62-9955-b4ffb47c9559;venta;propiedad;Casa en Puerta Real;470000;published;created;Santa Tecla;3;3;2;190;https://www.propilatam.com/sv/venta/casa/propiedad/santa-tecla/casa-en-puerta-real-departamento-de-la-libertad/3268;1743460565008;2026-08-26T15:56:45.882360+00:00;https://www.propilatam.com/sv/bienes-raices/comprar
dc7eae07-e7a7-4fbd-88ed-4f8c951aea5d;venta;propiedad;Terreno en Bosques de Santa Elena 1;325000;published;created;Antiguo Cuscatlán;0;0;0;850;https://www.propilatam.com/sv/venta/terreno/propiedad/antiguo-cuscatlan/terreno-en-bosques-de-santa-elena-1-departamento-de-la-libertad/4311;1782866724703;2026-08-26T15:56:45.882366+00:00;https://www.propilatam.com/sv/bienes-raices/comprar
802bec1a-ac4f-4725-9284-d9508ba1312a;venta;propiedad;Casa en Urbanizacion La Cima III;220000;published;created;San Salvador;3;2;2;95;https://www.propilatam.com/sv/venta/casa/propiedad/san-salvador/casa-en-urbanizacion-la-cima-iii-departamento-de-san-salvador/4451;1787319843969;2026-08-26T15:56:45.882373+00:00;https://www.propilatam.com/sv/bienes-raices/comprar
e9cf19f9-425e-4264-af20-994518974b55;venta;propiedad;Casa en Av. Manuel Gallardo;210000;published;created;Santa Tecla;3;3;1;110;https://www.propilatam.com/sv/venta/casa/propiedad/santa-tecla/casa-en-departamento-de-la-libertad/4387;1785341516572;2026-08-26T15:56:45.882380+00:00;https://www.propilatam.com/sv/bienes-raices/comprar
7246f3ce-6787-4f5a-82b2-a6cf7fe981d9;venta;propiedad;Casa en Boquerón;650000;published;created;Volcán de San Salvador;3;4;3;240;https://www.propilatam.com/sv/venta/casa/propiedad/santa-tecla/casa-en-volcan-de-san-salvador-departamento-de-la-libertad/3632;1758811551687;2026-08-26T15:56:45.882387+00:00;https://www.propilatam.com/sv/bienes-raices/comprar
87eee45f-4f98-42e7-974f-d8bc0f332b12;venta;propiedad;Apartamento en Park Tower;360000;published;created;Nuevo Cuscatlán;3;2;2;104;https://www.propilatam.com/sv/venta/apartamento/propiedad/nuevo-cuscatlan/apartamento-en-park-tower-departamento-de-la-libertad/4072;1774042114281;2026-08-26T15:56:45.882395+00:00;https://www.propilatam.com/sv/bienes-raices/comprar
a13a96a1-dee6-4099-b74f-4698028c6a48;venta;propiedad;Apartamento en Park Tower;360000;published;created;Nuevo Cuscatlán;3;2;2;125;https://www.propilatam.com/sv/venta/apartamento/propiedad/nuevo-cuscatlan/apartamento-en-park-tower-departamento-de-la-libertad/2984;1734124365367;2026-08-26T15:56:45.882403+00:00;https://www.propilatam.com/sv/bienes-raices/comprar
92143f8d-076b-44e3-a90d-5a0c435d8c57;venta;propiedad;Apartamento en Life Santa Elena;325000;published;created;Nuevo Cuscatlán;3;2;2;115;https://www.propilatam.com/sv/venta/apartamento/propiedad/nuevo-cuscatlan/apartamento-en-life-santa-elena-departamento-de-la-libertad/4216;1779388539878;2026-08-26T15:56:45.882411+00:00;https://www.propilatam.com/sv/bienes-raices/comprar
0c3d8b67-26ea-4ccf-86c8-d4e2955248b3;venta;proyecto_preventa;Utila 6-5;217515.38;in_plans;in_plans;Residencial Utila , Santa Tecla;2;2;;83;https://www.propilatam.com/sv/venta/utila-6-5/1090;;2026-08-26T15:56:45.882417+00:00;https://www.propilatam.com/sv/bienes-raices/comprar
0864f1ca-5ed3-4ea9-ada0-a0c346a770fd;venta;propiedad;Terreno en Condado Santa Elena;255000;published;created;Nuevo Cuscatlán;0;0;4;551;https://www.propilatam.com/sv/venta/terreno/propiedad/nuevo-cuscatlan/terreno-en-condado-santa-elena-departamento-de-la-libertad/3972;1771018929420;2026-08-26T15:56:45.882426+00:00;https://www.propilatam.com/sv/bienes-raices/comprar
c5840b97-610b-4928-99d7-81a78bbe9d9f;venta;propiedad;Casa en Residencial Montesion;480000;published;created;Santa Tecla;5;2;4;200;https://www.propilatam.com/sv/venta/casa/propiedad/santa-tecla/casa-en-residencial-montesion-departamento-de-la-libertad/4180;1778193378325;2026-08-26T15:56:45.882433+00:00;https://www.propilatam.com/sv/bienes-raices/comprar
90937247-67f5-4515-96c3-a968ac6c6201;venta;propiedad;Apartamento en Colonia Utila;165000;published;created;Santa Tecla;1;1;1;61;https://www.propilatam.com/sv/venta/apartamento/propiedad/santa-tecla/apartamento-en-colonia-utila-departamento-de-la-libertad/3925;1768926714193;2026-08-26T15:56:45.882439+00:00;https://www.propilatam.com/sv/bienes-raices/comprar
4b5de744-0a6b-4894-8e27-809bb0a86944;venta;propiedad;Casa en Colonia Layco;300000;published;created;Distrito 1 San Salvador ;5;5;2;175;https://www.propilatam.com/sv/venta/casa/propiedad/san-salvador/casa-en-distrito-1-san-salvador-departamento-de-san-salvador/3871;1767132644862;2026-08-26T15:56:45.882446+00:00;https://www.propilatam.com/sv/bienes-raices/comprar
78cc0a2f-09e1-447b-9a66-f2c0d215e28c;venta;propiedad;Terreno en Residencial GreenSide;187000;published;created;Condado Santa Elena;0;0;0;735;https://www.propilatam.com/sv/venta/terreno/propiedad/nuevo-cuscatlan/terreno-en-condado-santa-elena-departamento-de-la-libertad/4319;1783963065482;2026-08-26T15:56:45.882453+00:00;https://www.propilatam.com/sv/bienes-raices/comprar
0ab2416b-8767-4291-b972-3987324adf40;venta;propiedad;Casa en Mercados, Comercio y Cafetalon;200000;published;created;Santa Tecla;4;2;1;135;https://www.propilatam.com/sv/venta/casa/propiedad/santa-tecla/casa-en-mercados--comercio-y-cafetalon-departamento-de-la-libertad/4332;1783960702394;2026-08-26T15:56:45.882459+00:00;https://www.propilatam.com/sv/bienes-raices/comprar
0c73ed5e-fdf1-4c33-a140-a7638797be07;venta;propiedad;Casa en Villas de Suiza;450000;published;created;Santa Tecla;4;3;2;298;https://www.propilatam.com/sv/venta/casa/propiedad/santa-tecla/casa-en-villas-de-suiza-departamento-de-la-libertad/4215;1779385725778;2026-08-26T15:56:45.882468+00:00;https://www.propilatam.com/sv/bienes-raices/comprar
fe73a74e-e05f-489b-a93e-639cd1ff5a17;venta;proyecto_preventa;Latitud Sur;210000;finalized;finalized;Residencial Utila , Santa Tecla;2;2;;69;https://www.propilatam.com/sv/venta/latitud-sur/1103;;2026-08-26T15:56:45.882474+00:00;https://www.propilatam.com/sv/bienes-raices/comprar
86e95ead-8f7f-41cd-aa47-1caf2721858f;venta;propiedad;Apartamento en Torre Latitud;225000;published;created;Residencial La Colina 1;2;2;2;70;https://www.propilatam.com/sv/venta/apartamento/propiedad/santa-tecla/apartamento-en-residencial-la-colina-1-departamento-de-la-libertad/4397;1785892327019;2026-08-26T15:56:45.882481+00:00;https://www.propilatam.com/sv/bienes-raices/comprar
5a954c43-6ce4-45e9-9b15-344081474a67;venta;propiedad;Casa en Colonia Las Palmeras;375000;published;published;Santa Tecla;4;3;3;285;https://www.propilatam.com/sv/venta/casa/propiedad/santa-tecla/casa-en-colonia-las-palmeras-departamento-de-la-libertad/3637;1758899692385;2026-08-26T15:56:45.882491+00:00;https://www.propilatam.com/sv/bienes-raices/comprar
29daeb15-7fb8-4b15-9824-fb114627e983;venta;propiedad;Apartamento en Opera Tower;235000;published;created;Nuevo Cuscatlán;2;2;2;78;https://www.propilatam.com/sv/venta/apartamento/propiedad/nuevo-cuscatlan/apartamento-en-opera-tower-departamento-de-la-libertad/3841;1766789213755;2026-08-26T15:56:45.882504+00:00;https://www.propilatam.com/sv/bienes-raices/comprar
6df7979d-cca2-4701-8e4d-fb31e208cf2a;venta;proyecto_preventa;Waterford Hills Nuevo Cuscatlán;310000;in_plans;in_plans;Nuevo Cuscatlan;3;0;;0;https://www.propilatam.com/sv/venta/waterford-hills-nuevo-cuscatlan/1116;;2026-08-26T15:56:45.882515+00:00;https://www.propilatam.com/sv/bienes-raices/comprar
759ad21e-2270-44da-8663-19f1108bb47f;venta;proyecto_preventa;One Nuevo Cuscatlán;168000;in_construction;in_construction;Nuevo Cuscatlán;2;2;;60;https://www.propilatam.com/sv/venta/one-nuevo-cuscatlan/1077;;2026-08-26T15:56:45.882535+00:00;https://www.propilatam.com/sv/bienes-raices/comprar
af4238d2-23dd-44ed-a721-ce32e3a0da53;venta;propiedad;Terreno en Res. La Florida;227000;published;created;Nuevo Cuscatlán;0;0;0;511;https://www.propilatam.com/sv/venta/terreno/propiedad/nuevo-cuscatlan/terreno-en-res--la-florida-departamento-de-la-libertad/4185;1778287355008;2026-08-26T15:56:45.882555+00:00;https://www.propilatam.com/sv/bienes-raices/comprar
f4afd207-25b7-4c0b-a5fb-659dd778cfc7;venta;propiedad;Casa en Res. La Florida;495000;published;created;Nuevo Cuscatlán;3;3;2;274;https://www.propilatam.com/sv/venta/casa/propiedad/nuevo-cuscatlan/casa-en-res--la-florida-departamento-de-la-libertad/3784;1763403189635;2026-08-26T15:56:45.882570+00:00;https://www.propilatam.com/sv/bienes-raices/comprar
c73cf87f-8084-4082-bcba-5b22b1df9c95;venta;propiedad;Apartamento en Residencial Palmira;1350000;published;created;Santa Tecla;5;5;4;750;https://www.propilatam.com/sv/venta/apartamento/propiedad/santa-tecla/apartamento-en-residencial-palmira-departamento-de-la-libertad/3938;1769562015136;2026-08-26T15:56:45.882584+00:00;https://www.propilatam.com/sv/bienes-raices/comprar
4ce4265a-74ef-4be9-940e-66d554a92ee4;venta;propiedad;Apartamento en Trib;250000;published;rented_external;Santa Tecla;2;2;2;94;https://www.propilatam.com/sv/venta/apartamento/propiedad/santa-tecla/apartamento-en-trib-departamento-de-la-libertad/3452;1753909660159;2026-08-26T15:56:45.882596+00:00;https://www.propilatam.com/sv/bienes-raices/comprar
a4bf2bf8-ba49-4662-a9fe-6275ae35970d;venta;propiedad;Apartamento en Trib;260000;published;created;Santa Tecla;3;2;2;122;https://www.propilatam.com/sv/venta/apartamento/propiedad/santa-tecla/apartamento-en-trib-departamento-de-la-libertad/3196;1741622326527;2026-08-26T15:56:45.882606+00:00;https://www.propilatam.com/sv/bienes-raices/comprar
38fe393c-d1b1-4799-a2b7-7c07593f3d3d;venta;propiedad;Casa en San Salvador;250000;published;rented_external;San Salvador;3;3;1;150;https://www.propilatam.com/sv/venta/casa/propiedad/san-salvador/casa-en-san-salvador-departamento-de-san-salvador/1747;1755295789395;2026-08-26T15:56:45.882614+00:00;https://www.propilatam.com/sv/bienes-raices/comprar
2c9c6892-862e-4a1e-aa07-b72a622dca18;venta;propiedad;Casa en Serra Townhouses;465000;published;created;Res. La Florida;4;3;3;210;https://www.propilatam.com/sv/venta/casa/propiedad/nuevo-cuscatlan/casa-en-res--la-florida-departamento-de-la-libertad/4106;1775751300001;2026-08-26T15:56:45.882621+00:00;https://www.propilatam.com/sv/bienes-raices/comprar
db029d0c-cd25-4a6b-9ce1-7813d32fce32;venta;propiedad;Apartamento en Colonia Scandia;150000;published;created;Ayutuxtepeque;2;2;1;60;https://www.propilatam.com/sv/venta/apartamento/propiedad/ayutuxtepeque/apartamento-en-colonia-scandia-departamento-de-san-salvador/4279;1781799797407;2026-08-26T15:56:45.882628+00:00;https://www.propilatam.com/sv/bienes-raices/comprar
e9694e3b-fdad-4277-acf8-d034a597925d;venta;propiedad;Casa en Centro de Nuevo Cuscatlán;750000;published;created;Nuevo Cuscatlán;5;5;5;675;https://www.propilatam.com/sv/venta/casa/propiedad/nuevo-cuscatlan/casa-en-centro-de-nuevo-cuscatlan-departamento-de-la-libertad/4225;1779556611796;2026-08-26T15:56:45.882635+00:00;https://www.propilatam.com/sv/bienes-raices/comprar
9ba3e1ce-cd81-406b-9d18-e14759cbc8b6;venta;propiedad;Apartamento en Portales del Bosque;380000;published;published;Nuevo Cuscatlán;3;3;2;130;https://www.propilatam.com/sv/venta/apartamento/propiedad/nuevo-cuscatlan/apartamento-en-portales-del-bosque-departamento-de-la-libertad/4297;1783373738332;2026-08-26T15:56:45.882644+00:00;https://www.propilatam.com/sv/bienes-raices/comprar
6d2aa509-2987-40fb-b632-7930c4525cf7;venta;propiedad;Casa en Distrito 1 San Salvador;790000;published;created;San Salvador;3;2;5;13160;https://www.propilatam.com/sv/venta/casa/propiedad/san-salvador/casa-en-distrito-1-san-salvador-departamento-de-san-salvador/3795;1764197387978;2026-08-26T15:56:45.882658+00:00;https://www.propilatam.com/sv/bienes-raices/comprar
4a8acb70-c80b-488c-9bf6-89dab01c4d4c;venta;propiedad;Casa en Residencial Joyas de las Piletas;600000;published;created;Nuevo Cuscatlán;5;4;4;410;https://www.propilatam.com/sv/venta/casa/propiedad/nuevo-cuscatlan/casa-en-residencial-joyas-de-las-piletas-departamento-de-la-libertad/3642;1759235854133;2026-08-26T15:56:45.882674+00:00;https://www.propilatam.com/sv/bienes-raices/comprar
5b20bb53-063c-4cbd-8d52-39bba23b3a34;venta;propiedad;Casa en Residencial Joyas de las Piletas;668000;published;disabled;Nuevo Cuscatlán;6;4;5;400;https://www.propilatam.com/sv/venta/casa/propiedad/nuevo-cuscatlan/casa-en-residencial-joyas-de-las-piletas-departamento-de-la-libertad/2704;1724955428184;2026-08-26T15:56:45.882688+00:00;https://www.propilatam.com/sv/bienes-raices/comprar
312cf0d3-3444-4258-ab21-b08a9e7522f4;venta;proyecto_preventa;Altos de las Piletas;282409.16;in_construction;in_construction;Ubicado en el Km. 12.5 carretera a La Libertad;;0;;527;https://www.propilatam.com/sv/venta/altos-de-las-piletas/1082;;2026-08-26T15:56:45.882703+00:00;https://www.propilatam.com/sv/bienes-raices/comprar
7299309c-a11b-49fd-b66d-64a2a2f6743b;venta;propiedad;Apartamento en Alturas del Bosque;425000;published;created;Quintas de Santa Elena;3;2;0;125;https://www.propilatam.com/sv/venta/apartamento/propiedad/nuevo-cuscatlan/apartamento-en--alturas-del-bosque--departamento-de-la-libertad/3116;1738877729346;2026-08-26T15:56:45.882715+00:00;https://www.propilatam.com/sv/bienes-raices/comprar
e417aabe-6002-46dc-a147-a67592687ff4;venta;propiedad;Casa en Quintas de Santa Elena;2300000;published;created;Nuevo Cuscatlán;4;4;3;697;https://www.propilatam.com/sv/venta/apartamento/propiedad/nuevo-cuscatlan/apartamento-en-quintas-de-santa-elena-departamento-de-la-libertad/4428;1787072214978;2026-08-26T15:56:45.882727+00:00;https://www.propilatam.com/sv/bienes-raices/comprar
12694de2-63b8-43a8-a8e5-a451dba58a93;venta;proyecto_preventa;Torre Ambar I;162306;in_plans;in_plans;Carretera Nuevo Cuscatlan;1;1;;54;https://www.propilatam.com/sv/venta/torre-ambar-i/1010;;2026-08-26T15:56:45.882737+00:00;https://www.propilatam.com/sv/bienes-raices/comprar
993d1f41-168d-4bf6-aa8e-befb68a2efe0;venta;proyecto_preventa;Las Nubes;297000;finalized;finalized;Calle a Comasagua, Santa Tecla;;0;;;https://www.propilatam.com/sv/venta/las-nubes/1107;;2026-08-26T15:56:45.882747+00:00;https://www.propilatam.com/sv/bienes-raices/comprar
239b0a62-2f34-47fc-be1a-af95c007beae;venta;propiedad;Apartamento en Condado Santa Rosa 2;305000;published;created;Santa Tecla;3;2;2;103;https://www.propilatam.com/sv/venta/apartamento/propiedad/santa-tecla/apartamento-en-condado-santa-rosa-2-departamento-de-la-libertad/4156;1776996558930;2026-08-26T15:56:45.882758+00:00;https://www.propilatam.com/sv/bienes-raices/comprar
da7f5753-3e0c-4d73-a8d4-ca871e9ee67f;venta;proyecto_preventa;Alturas del Bosque - Torre 2;331468;in_plans;in_plans;Carretera a Nuevo Cuscatlán, La Libertad, El Salvador;2;3;;108;https://www.propilatam.com/sv/venta/alturas-del-bosque---torre-2/1016;;2026-08-26T15:56:45.882768+00:00;https://www.propilatam.com/sv/bienes-raices/comprar
5cdd2b31-036d-4356-a9ae-b5e1aed5f76b;venta;proyecto_preventa;Alturas del Bosque - Torre 3;314612;in_plans;in_plans;Carretera a Nuevo Cuscatlán, La Libertad, El Salvador;2;2.5;;104;https://www.propilatam.com/sv/venta/alturas-del-bosque---torre-3/1037;;2026-08-26T15:56:45.882778+00:00;https://www.propilatam.com/sv/bienes-raices/comprar
4f4bc659-5da9-43a4-abc0-5281d439fe51;venta;propiedad;Casa en Residencial Santorini;220000;published;created;San Salvador;3;2;3;120;https://www.propilatam.com/sv/venta/casa/propiedad/san-salvador/casa-en-departamento-de-san-salvador/4232;1779751443026;2026-08-26T15:56:45.882789+00:00;https://www.propilatam.com/sv/bienes-raices/comprar
f1751427-735b-4cd9-9274-12457a5e0cb9;venta;propiedad;Casa en Via del Mar;355000;published;created;Santa Tecla;3;2;2;176;https://www.propilatam.com/sv/venta/casa/propiedad/santa-tecla/casa-en-via-del-mar-departamento-de-la-libertad/4374;1785002914031;2026-08-26T15:56:45.882801+00:00;https://www.propilatam.com/sv/bienes-raices/comprar
a4114ef7-b1ad-4d87-a984-f96d3a94bb93;venta;propiedad;Casa en Via del Mar;330000;published;created;Santa Tecla;3;2;2;273;https://www.propilatam.com/sv/venta/casa/propiedad/santa-tecla/casa-en-via-del-mar-departamento-de-la-libertad/4396;1786143546028;2026-08-26T15:56:45.882816+00:00;https://www.propilatam.com/sv/bienes-raices/comprar
172f2bab-0d48-482a-a075-940e798e2afa;venta;propiedad;Casa en Puerta del Bálsamo;425000;published;disabled;Nuevo Cuscatlán;3;2;2;208;https://www.propilatam.com/sv/venta/casa/propiedad/nuevo-cuscatlan/casa-en-puerta-del-balsamo-departamento-de-la-libertad/3032;1754699660054;2026-08-26T15:56:45.882829+00:00;https://www.propilatam.com/sv/bienes-raices/comprar
91306290-5fa5-465e-a52c-6c9f60a53aaa;venta;propiedad;Apartamento en Casas del Árbol;325000;published;taken;Santa Tecla;3;2;2;117;https://www.propilatam.com/sv/venta/apartamento/propiedad/santa-tecla/apartamento-en-santa-tecla-departamento-de-la-libertad/1975;1737385919507;2026-08-26T15:56:45.882844+00:00;https://www.propilatam.com/sv/bienes-raices/comprar
076bee7c-f4f6-440e-8702-16b7dc9e85e4;venta;proyecto_preventa;Arboré - Torre 1;415694;in_plans;in_plans;Carretera a Nuevo Cuscatlán, La Libertad, El Salvador;3;3;;146;https://www.propilatam.com/sv/venta/arbore---torre-1/1004;;2026-08-26T15:56:45.882855+00:00;https://www.propilatam.com/sv/bienes-raices/comprar
05fc0b15-f4eb-4810-a511-45336388110b;venta;propiedad;Apartamento en Artea 1;290000;published;created;Torres Artea;3;2;2;120;https://www.propilatam.com/sv/venta/apartamento/propiedad/nuevo-cuscatlan/apartamento-en-torres-artea-departamento-de-la-libertad/4261;1781546033651;2026-08-26T15:56:45.882867+00:00;https://www.propilatam.com/sv/bienes-raices/comprar
81d3bdce-9358-41cf-84df-e31f625956a0;venta;propiedad;Casa en Los Sueños;1500000;published;created;Santa Tecla;3;3;5;680;https://www.propilatam.com/sv/venta/casa/propiedad/santa-tecla/casa-en-los-suenos-departamento-de-la-libertad/2909;1731692551386;2026-08-26T15:56:45.882881+00:00;https://www.propilatam.com/sv/bienes-raices/comprar
e10fbdf6-4924-4c46-addf-f11a9b2fd7e2;venta;propiedad;Casa en Los Sueños;1200000;published;created;Santa Tecla;3;3;4;650;https://www.propilatam.com/sv/venta/casa/propiedad/santa-tecla/casa-en-los-suenos-departamento-de-la-libertad/2656;1723677246065;2026-08-26T15:56:45.882891+00:00;https://www.propilatam.com/sv/bienes-raices/comprar
62344bc7-3e88-4665-a46e-8fff7f3f4e1b;venta;propiedad;Apartamento en Alturas del Bosque;298000;published;created;Nuevo Cuscatlán;2;2;2;109;https://www.propilatam.com/sv/venta/apartamento/propiedad/nuevo-cuscatlan/apartamento-en-alturas-del-bosque-departamento-de-la-libertad/4391;1785879517090;2026-08-26T15:56:45.882905+00:00;https://www.propilatam.com/sv/bienes-raices/comprar
1a648aed-b78c-4e57-943b-80fba03b3afa;venta;propiedad;Apartamento en Torres Artea;300000;published;disabled;Nuevo Cuscatlán;3;2;2;120;https://www.propilatam.com/sv/venta/apartamento/propiedad/nuevo-cuscatlan/apartamento-en-torres-artea-departamento-de-la-libertad/2868;1730476273534;2026-08-26T15:56:45.882917+00:00;https://www.propilatam.com/sv/bienes-raices/comprar
ea1cf952-887d-40cf-a034-ab0a5046a7ff;venta;propiedad;Apartamento en Torres Artea;275000;published;created;Nuevo Cuscatlán;2;2;2;96;https://www.propilatam.com/sv/venta/apartamento/propiedad/nuevo-cuscatlan/apartamento-en-torres-artea-departamento-de-la-libertad/3922;1768854485022;2026-08-26T15:56:45.882929+00:00;https://www.propilatam.com/sv/bienes-raices/comprar
300b0f8f-e686-4afe-94f7-af17ceaec539;venta;propiedad;Apartamento en Torres Artea;275000;published;created;Nuevo Cuscatlán;2;2;2;110;https://www.propilatam.com/sv/venta/apartamento/propiedad/nuevo-cuscatlan/apartamento-en-torres-artea-departamento-de-la-libertad/3102;1750089279114;2026-08-26T15:56:45.882943+00:00;https://www.propilatam.com/sv/bienes-raices/comprar
b0731919-8d83-4338-a0e4-155057afa79c;venta;proyecto_preventa;Torre Ambar III;171503;in_plans;in_plans;Carretera Nuevo Cuscatlan;1;1;;55;https://www.propilatam.com/sv/venta/torre-ambar-iii/1078;;2026-08-26T15:56:45.882958+00:00;https://www.propilatam.com/sv/bienes-raices/comprar
e7f7020d-d522-46ae-ba40-276e059d3e95;venta;propiedad;Apartamento en Torres Artea;280000;published;created;Nuevo Cuscatlán;2;2;2;101;https://www.propilatam.com/sv/venta/apartamento/propiedad/nuevo-cuscatlan/apartamento-en-torres-artea-departamento-de-la-libertad/4260;1780940167750;2026-08-26T15:56:45.882971+00:00;https://www.propilatam.com/sv/bienes-raices/comprar
dd40deff-b7c9-46e5-b54a-37ea94b8e655;venta;propiedad;Apartamento en Torres Artea;300000;published;created;Nuevo Cuscatlán;3;2;2;121;https://www.propilatam.com/sv/venta/apartamento/propiedad/nuevo-cuscatlan/apartamento-en-torres-artea-departamento-de-la-libertad/3229;1742502281603;2026-08-26T15:56:45.882983+00:00;https://www.propilatam.com/sv/bienes-raices/comprar
e5daf2c9-064e-43ee-a475-c08dc3e27def;venta;propiedad;Apartamento en Torres Artea;330000;published;created;Nuevo Cuscatlán;3;2;2;125;https://www.propilatam.com/sv/venta/apartamento/propiedad/nuevo-cuscatlan/apartamento-en-torres-artea-departamento-de-la-libertad/4393;1785886480624;2026-08-26T15:56:45.882994+00:00;https://www.propilatam.com/sv/bienes-raices/comprar
f5292a48-3908-4861-a43a-533c44766c07;venta;propiedad;Apartamento en Torres Artea;320000;published;rented_external;Nuevo Cuscatlán;3;2;2;147;https://www.propilatam.com/sv/venta/apartamento/propiedad/nuevo-cuscatlan/apartamento-en-torres-artea-departamento-de-la-libertad/2306;1713293301528;2026-08-26T15:56:45.883017+00:00;https://www.propilatam.com/sv/bienes-raices/comprar
5b1d51d1-e76d-4126-bd44-2ffd3ca35baf;venta;propiedad;Apartamento en Torres Artea;310000;published;rented_external;Nuevo Cuscatlán;3;2;2;124;https://www.propilatam.com/sv/venta/apartamento/propiedad/nuevo-cuscatlan/apartamento-en-torres-artea-departamento-de-la-libertad/3381;1750094065979;2026-08-26T15:56:45.883029+00:00;https://www.propilatam.com/sv/bienes-raices/comprar
6669ecb2-1403-4667-beba-3704f36db50e;venta;propiedad;Apartamento en Torres Artea;310000;published;taken;Nuevo Cuscatlán;3;2;2;121;https://www.propilatam.com/sv/venta/apartamento/propiedad/nuevo-cuscatlan/apartamento-en-torres-artea-departamento-de-la-libertad/2255;1758299439496;2026-08-26T15:56:45.883042+00:00;https://www.propilatam.com/sv/bienes-raices/comprar
5a37c546-9646-461d-a6c4-9f8353bd3ab6;venta;propiedad;Apartamento en Torres Artea;325000;published;rented_external;Nuevo Cuscatlán;3;2;2;122;https://www.propilatam.com/sv/venta/apartamento/propiedad/nuevo-cuscatlan/apartamento-en-torres-artea-departamento-de-la-libertad/2698;1724797331028;2026-08-26T15:56:45.883055+00:00;https://www.propilatam.com/sv/bienes-raices/comprar
34484a39-8650-4999-873f-e481bdbaf4c2;venta;propiedad;Apartamento en Torres Artea;295000;published;rented_external;Nuevo Cuscatlán;3;2;2;114;https://www.propilatam.com/sv/venta/apartamento/propiedad/nuevo-cuscatlan/apartamento-en-torres-artea-departamento-de-la-libertad/3227;1744217760032;2026-08-26T15:56:45.883067+00:00;https://www.propilatam.com/sv/bienes-raices/comprar
da3cba30-e113-45bc-8147-45161cdd7270;venta;propiedad;Apartamento en Torres Artea;285000;published;created;Nuevo Cuscatlán;2;2;2;147;https://www.propilatam.com/sv/venta/apartamento/propiedad/nuevo-cuscatlan/apartamento-en-torres-artea-departamento-de-la-libertad/3732;1762305019204;2026-08-26T15:56:45.883085+00:00;https://www.propilatam.com/sv/bienes-raices/comprar
b2697347-1837-4a23-9b75-09ffe8a71c1c;venta;propiedad;Casa en Los Sueños;1400000;published;published;Santa Tecla;3;3;5;450;https://www.propilatam.com/sv/venta/casa/propiedad/santa-tecla/casa-en-los-suenos-departamento-de-la-libertad/4125;1776117055094;2026-08-26T15:56:45.883098+00:00;https://www.propilatam.com/sv/bienes-raices/comprar
dc7caec8-c08a-49ac-a0a6-d44001da69ef;venta;proyecto_preventa;Casas del Bosque II - Boreal;531716.84;in_plans;in_plans;Condominio Casas del Bosque, Calle Lib.12, Finca el Matazano Proyecto Portales del Bosque, Calle 2E, Nuevo Cuscatlan;2;4;;274;https://www.propilatam.com/sv/venta/casas-del-bosque-ii---boreal/1063;;2026-08-26T15:56:45.883108+00:00;https://www.propilatam.com/sv/bienes-raices/comprar
0431a3e9-fef4-429d-aab9-f60e81945c17;venta;proyecto_preventa;Casas del Bosque II - Olivos;458415.27;in_plans;in_plans;Condominio Casas del Bosque, Calle Lib.12, Finca el Matazano Proyecto Portales del Bosque, Calle 2E, Nuevo Cuscatlan;4;5;;231;https://www.propilatam.com/sv/venta/casas-del-bosque-ii---olivos/1079;;2026-08-26T15:56:45.883119+00:00;https://www.propilatam.com/sv/bienes-raices/comprar
b490d2f4-0964-4a23-9495-b5d964ba40c8;venta;proyecto_preventa;Torre Ambar II ;172768;in_plans;in_plans;Carretera a Nuevo Cuscatlán;1;1;;50;https://www.propilatam.com/sv/venta/torre-ambar-ii-/1041;;2026-08-26T15:56:45.883129+00:00;https://www.propilatam.com/sv/bienes-raices/comprar
93c423f2-e12b-4646-b5f4-c106c3777405;venta;propiedad;Casa en Calle el Calvario;175000;published;created;Cuscatancingo;3;1;3;153;https://www.propilatam.com/sv/venta/casa/propiedad/cuscatancingo/casa-en-calle-el-calvario-departamento-de-san-salvador/4070;1773956127386;2026-08-26T15:56:45.883143+00:00;https://www.propilatam.com/sv/bienes-raices/comprar
2e062cf8-d101-4abd-bb02-5ae895d5ccaa;venta;proyecto_preventa;Arboré - Torre 2;413201;in_plans;in_plans;Carretera a Nuevo Cuscatlán, La Libertad, El Salvador;3;3;;146;https://www.propilatam.com/sv/venta/arbore---torre-2/1012;;2026-08-26T15:56:45.883154+00:00;https://www.propilatam.com/sv/bienes-raices/comprar
4b123cbf-777b-4c5d-b4c3-aaf518b63f59;venta;propiedad;Casa en Urbanización Florencia;65000;published;created;San Marcos;2;1;0;50;https://www.propilatam.com/sv/venta/casa/propiedad/san-marcos/casa-en-urbanizacion-florencia-departamento-de-san-salvador/4341;1784665779360;2026-08-26T15:56:45.883166+00:00;https://www.propilatam.com/sv/bienes-raices/comprar
03315e2c-b253-4a7d-88a7-50b7e4ef6c53;alquiler;propiedad;Apartamento en Puerta del Alma III;1650;published;published;Antiguo Cuscatlán;2;2;2;105;https://www.propilatam.com/sv/alquiler/antiguo-cuscatlan/apartamento-en-puerta-del-alma-iii-departamento-de-la-libertad/3257;1743436479236;2026-08-26T15:56:47.969512+00:00;https://www.propilatam.com/sv/bienes-raices/alquilar
2748d2ef-a7ad-484f-b7d1-14bf85f3f449;alquiler;propiedad;Apartamento en Bosque Escondido;1450;published;published;Colonia Escalón;3;3;2;122;https://www.propilatam.com/sv/alquiler/san-salvador/apartamento-en-bosque-escondido-departamento-de-san-salvador/2777;1783454016858;2026-08-26T15:56:47.969536+00:00;https://www.propilatam.com/sv/bienes-raices/alquilar
4cea2f1a-9592-48aa-889e-0539612f4fc6;alquiler;propiedad;Casa en Casas del Bosque;3300;published;published;Nuevo Cuscatlán;3;3;2;240;https://www.propilatam.com/sv/alquiler/casa/nuevo-cuscatlan/casa-en-departamento-de-la-libertad/4322;1783444259461;2026-08-26T15:56:47.969544+00:00;https://www.propilatam.com/sv/bienes-raices/alquilar
682e8158-4d9d-40c4-8362-a79299c06b7a;alquiler;propiedad;Apartamento en Colonia Escalón;1250;published;published;San Salvador;2;1;2;90;https://www.propilatam.com/sv/alquiler/apartamento/san-salvador/apartamento-en-colonia-escalon-departamento-de-san-salvador/4343;1784320757983;2026-08-26T15:56:47.969552+00:00;https://www.propilatam.com/sv/bienes-raices/alquilar
a12eda9f-62de-45e2-8ab5-c9287166c050;alquiler;propiedad;Apartamento en Torre Lomas 500;1350;published;published;Nu Lomas;3;2;2;118;https://www.propilatam.com/sv/alquiler/apartamento/san-salvador/apartamento-en-nu-lomas-departamento-de-san-salvador/4119;1776104503553;2026-08-26T15:56:47.969559+00:00;https://www.propilatam.com/sv/bienes-raices/alquilar
1cb61a26-b1d2-4603-8bb4-f311e0b01089;alquiler;propiedad;Apartamento en Trib;1300;published;published;Santa Tecla;3;2;2;93;https://www.propilatam.com/sv/alquiler/santa-tecla/apartamento-en-trib-departamento-de-la-libertad/2265;1785172040022;2026-08-26T15:56:47.969565+00:00;https://www.propilatam.com/sv/bienes-raices/alquilar
7516b4d0-2015-47e9-9167-d3012a9c971d;alquiler;propiedad;Apartamento en Citalá HAUS;1250;published;published;Colonia Escalon Norte;2;2;1;60;https://www.propilatam.com/sv/alquiler/apartamento/san-salvador/apartamento-en-colonia-escalon-norte-departamento-de-san-salvador/4401;1786288686891;2026-08-26T15:56:47.969572+00:00;https://www.propilatam.com/sv/bienes-raices/alquilar
c221d0e7-ed41-451a-9350-4684f4de73bb;alquiler;propiedad;Apartamento en Avitat Lift;1100;published;published;Colonia Escalón;1;1;1;55;https://www.propilatam.com/sv/alquiler/colonia-escalon/apartamento-en-avitat-lift-departamento-de-san-salvador/2974;1784061485095;2026-08-26T15:56:47.969578+00:00;https://www.propilatam.com/sv/bienes-raices/alquilar
e22f5e2a-7648-4905-9a34-374a0b6af1ae;alquiler;propiedad;Apartamento en Condado Santa Rosa 1;1500;published;published;Santa Tecla;2;2;2;74;https://www.propilatam.com/sv/alquiler/apartamento/santa-tecla/apartamento-en-condado-santa-rosa-1-departamento-de-la-libertad/4399;1786554409191;2026-08-26T15:56:47.969585+00:00;https://www.propilatam.com/sv/bienes-raices/alquilar
b1578c49-b8a2-427a-93e8-e8410dbe13aa;alquiler;propiedad;Apartamento en Torre Libertad;1500;published;published;Colonia Escalón;3;2;2;124;https://www.propilatam.com/sv/alquiler/apartamento/san-salvador/apartamento-en-colonia-escalon-departamento-de-san-salvador/4402;1786288473789;2026-08-26T15:56:47.969592+00:00;https://www.propilatam.com/sv/bienes-raices/alquilar
19991038-6a63-41a1-9cb7-f69a14299b2f;alquiler;propiedad;Casa en Puerta del Bálsamo;1950;published;published;Nuevo Cuscatlán;3;4;2;210;https://www.propilatam.com/sv/alquiler/casa/nuevo-cuscatlan/casa-en-puerta-del-balsamo-departamento-de-la-libertad/4357;1784848676552;2026-08-26T15:56:47.969597+00:00;https://www.propilatam.com/sv/bienes-raices/alquilar
6642572d-e29f-4442-b704-5e72ab129d47;alquiler;propiedad;Casa en Colonia Maquilishuat;2300;published;published;San Salvador;4;3;2;225;https://www.propilatam.com/sv/alquiler/casa/san-salvador/casa-en-colonia-maquilishuat-departamento-de-san-salvador/4432;1787007244288;2026-08-26T15:56:47.969604+00:00;https://www.propilatam.com/sv/bienes-raices/alquilar
0ca0645d-6038-4904-aad3-bc171824d5af;alquiler;propiedad;Casa en Colonia Maquilishuat;3500;published;published;San Salvador;4;4;3;390;https://www.propilatam.com/sv/alquiler/casa/san-salvador/casa-en-colonia-maquilishuat-departamento-de-san-salvador/3776;1763074738078;2026-08-26T15:56:47.969610+00:00;https://www.propilatam.com/sv/bienes-raices/alquilar
cc5747c2-aade-4793-8374-0212451697f2;alquiler;propiedad;Apartamento en Torre Maquilishuat;1650;published;published;Colonia Maquilishuat;3;2;2;140;https://www.propilatam.com/sv/alquiler/apartamento/san-salvador/apartamento-en-colonia-maquilishuat-departamento-de-san-salvador/4146;1776724574942;2026-08-26T15:56:47.969616+00:00;https://www.propilatam.com/sv/bienes-raices/alquilar
d8417f8a-19a5-4528-b0e2-3d0824138adc;alquiler;propiedad;Casa en San Benito;2800;published;published;San Salvador;3;2;2;250;https://www.propilatam.com/sv/alquiler/casa/san-salvador/casa-en-colonia-san-benito-departamento-de-san-salvador/4172;1778024896095;2026-08-26T15:56:47.969622+00:00;https://www.propilatam.com/sv/bienes-raices/alquilar
0157a67b-c230-4097-a5e5-e2a339fbd7b6;alquiler;propiedad;Apartamento en San Benito;2500;published;published;San Salvador;2;2;2;280;https://www.propilatam.com/sv/alquiler/apartamento/san-salvador/apartamento-en-san-benito-departamento-de-san-salvador/4236;1779836762929;2026-08-26T15:56:47.969628+00:00;https://www.propilatam.com/sv/bienes-raices/alquilar
90d723bc-6b2f-4bde-b257-0573a150f7fd;alquiler;propiedad;Apartamento en Torre Gerona;1600;published;published;San Salvador;3;2;2;160;https://www.propilatam.com/sv/alquiler/apartamento/san-salvador/apartamento-en-departamento-de-san-salvador/3447;1784763068963;2026-08-26T15:56:47.969634+00:00;https://www.propilatam.com/sv/bienes-raices/alquilar
b0928196-0090-4380-91ef-47ad2eb0a393;alquiler;propiedad;Casa en San Benito;5500;published;published;San Salvador;5;4;5;550;https://www.propilatam.com/sv/alquiler/casa/san-salvador/casa-en-san-benito-departamento-de-san-salvador/4325;1783722031794;2026-08-26T15:56:47.969641+00:00;https://www.propilatam.com/sv/bienes-raices/alquilar
48ce19a7-0d4f-45d7-87be-e5ebf2a7d5a5;alquiler;propiedad;Apartamento en San Benito;2500;published;published;San Salvador;2;2;2;165;https://www.propilatam.com/sv/alquiler/apartamento/san-salvador/apartamento-en-san-benito-departamento-de-san-salvador/4337;1784139701446;2026-08-26T15:56:47.969647+00:00;https://www.propilatam.com/sv/bienes-raices/alquilar
10701597-178b-41c2-a14e-b7d396010dd5;alquiler;propiedad;Apartamento en San Benito;2800;published;published;San Salvador;3;3;3;236;https://www.propilatam.com/sv/alquiler/apartamento/san-salvador/apartamento-en-san-benito-departamento-de-san-salvador/4276;1783115437705;2026-08-26T15:56:47.969654+00:00;https://www.propilatam.com/sv/bienes-raices/alquilar
647f3a7c-fa05-4bb4-884d-c1004020aabe;alquiler;propiedad;Apartamento en Art Haus;1800;sold_external;published;San Benito;2;2;2;98;https://www.propilatam.com/sv/alquiler/apartamento/san-salvador/apartamento-en-san-benito-departamento-de-san-salvador/3947;1770235962533;2026-08-26T15:56:47.969659+00:00;https://www.propilatam.com/sv/bienes-raices/alquilar
cdacdaac-cd12-409c-988f-85993155e884;alquiler;propiedad;Apartamento en Art Haus;2500;published;published;San Benito;2;2;2;98;https://www.propilatam.com/sv/alquiler/apartamento/san-salvador/apartamento-en-san-benito-departamento-de-san-salvador/4412;1786572999182;2026-08-26T15:56:47.969666+00:00;https://www.propilatam.com/sv/bienes-raices/alquilar
0de70511-f3e4-444d-a76b-df5cb1d0ab72;alquiler;propiedad;Apartamento en Art Haus;2500;published;published;San Benito;2;2;2;119;https://www.propilatam.com/sv/alquiler/apartamento/san-salvador/apartamento-en-san-benito-departamento-de-san-salvador/4444;1787250137136;2026-08-26T15:56:47.969672+00:00;https://www.propilatam.com/sv/bienes-raices/alquilar
2dc9a00b-4c4d-4151-89b5-0b688c8b5d26;alquiler;propiedad;Apartamento en Art Haus;2900;published;published;San Benito;2;2;2;120;https://www.propilatam.com/sv/alquiler/apartamento/san-salvador/apartamento-en-san-benito-departamento-de-san-salvador/4308;1782852430291;2026-08-26T15:56:47.969678+00:00;https://www.propilatam.com/sv/bienes-raices/alquilar
c46ca749-cfc0-46c4-abe8-6682563e9ec1;alquiler;propiedad;Apartamento en Art Haus;2450;published;published;San Benito;2;1;2;98;https://www.propilatam.com/sv/alquiler/apartamento/san-salvador/apartamento-en-san-benito-departamento-de-san-salvador/3957;1770411679121;2026-08-26T15:56:47.969685+00:00;https://www.propilatam.com/sv/bienes-raices/alquilar
3bfadf5c-66c6-47ca-8ce4-e80a90147bca;alquiler;propiedad;Apartamento en Art Haus;2900;published;published;San Benito;2;2;2;120;https://www.propilatam.com/sv/alquiler/apartamento/san-salvador/apartamento-en-san-benito-departamento-de-san-salvador/4420;1787000057288;2026-08-26T15:56:47.969691+00:00;https://www.propilatam.com/sv/bienes-raices/alquilar
b9182689-aa7d-4759-a0eb-d1f35daf5a38;alquiler;propiedad;Apartamento en Art Haus;1500;published;published;San Benito;1;1;1;59;https://www.propilatam.com/sv/alquiler/apartamento/san-salvador/apartamento-en-san-benito-departamento-de-san-salvador/4304;1782949236230;2026-08-26T15:56:47.969697+00:00;https://www.propilatam.com/sv/bienes-raices/alquilar
6f1ed2c9-e8e6-4a25-85a7-149d3cbc2d7d;alquiler;propiedad;Apartamento en Art Haus;1950;published;published;San Benito;2;1;2;98;https://www.propilatam.com/sv/alquiler/apartamento/san-salvador/apartamento-en-departamento-de-san-salvador/3958;1770412270730;2026-08-26T15:56:47.969703+00:00;https://www.propilatam.com/sv/bienes-raices/alquilar
c53354f4-3cb3-42cf-a90b-0960e28c2f4d;alquiler;propiedad;Apartamento en Art Haus;1675;published;published;San Benito;1;1;1;68;https://www.propilatam.com/sv/alquiler/apartamento/san-salvador/apartamento-en-san-benito-departamento-de-san-salvador/3886;1767803731395;2026-08-26T15:56:47.969709+00:00;https://www.propilatam.com/sv/bienes-raices/alquilar
8e06d557-fb48-4829-9698-60cb1a476b2d;alquiler;propiedad;Apartamento en Art Haus;1158;published;published;San Benito;1;1;1;45;https://www.propilatam.com/sv/alquiler/apartamento/san-salvador/apartamento-en-san-benito-departamento-de-san-salvador/4371;1784926446336;2026-08-26T15:56:47.969715+00:00;https://www.propilatam.com/sv/bienes-raices/alquilar
3208c3d0-26a9-4a72-9960-4200ed3a87b7;alquiler;propiedad;Apartamento en Condominio Mallorca;1400;published;published;Colonia Escalón;3;2;2;128;https://www.propilatam.com/sv/alquiler/apartamento/san-salvador/apartamento-en-colonia-escalon-departamento-de-san-salvador/3544;1775516267815;2026-08-26T15:56:47.969720+00:00;https://www.propilatam.com/sv/bienes-raices/alquilar
31e2e4b8-e687-469e-bf7c-2f01668d7235;alquiler;propiedad;Apartamento en Trelum;2300;published;published;La Mascota;3;2;2;170;https://www.propilatam.com/sv/alquiler/apartamento/san-salvador/apartamento-en-la-mascota-departamento-de-san-salvador/4413;1786578016733;2026-08-26T15:56:47.969726+00:00;https://www.propilatam.com/sv/bienes-raices/alquilar
5af4d5b3-a66a-40ef-8b70-5b6409f557e6;alquiler;propiedad;Apartamento en Trelum;1850;published;published;La Mascota;2;2;2;114;https://www.propilatam.com/sv/alquiler/apartamento/san-salvador/apartamento-en-la-mascota-departamento-de-san-salvador/3570;1787249433763;2026-08-26T15:56:47.969732+00:00;https://www.propilatam.com/sv/bienes-raices/alquilar
048d611f-7584-4c6f-9d97-9a7f879fffb0;alquiler;propiedad;Apartamento en Panorama Tower;1600;published;published;Colonia Escalón;3;2;2;108;https://www.propilatam.com/sv/alquiler/apartamento/san-salvador/apartamento-en-colonia-escalon-departamento-de-san-salvador/4301;1782840075217;2026-08-26T15:56:47.969738+00:00;https://www.propilatam.com/sv/bienes-raices/alquilar
30dfca45-8ff5-4103-9226-618e4b63a74e;alquiler;propiedad;Casa en Colonia Escalón;4000;published;published;San Salvador;4;2;2;446;https://www.propilatam.com/sv/alquiler/san-salvador/casa-en-colonia-escalon-departamento-de-san-salvador/2701;1724803537094;2026-08-26T15:56:47.969744+00:00;https://www.propilatam.com/sv/bienes-raices/alquilar
82ea53f3-91ea-48ac-8acb-28c4be89d611;alquiler;propiedad;Apartamento en Colonia Escalón;900;published;published;San Salvador;2;2;2;44;https://www.propilatam.com/sv/alquiler/apartamento/san-salvador/apartamento-en-colonia-escalon-departamento-de-san-salvador/4361;1785559400401;2026-08-26T15:56:47.969750+00:00;https://www.propilatam.com/sv/bienes-raices/alquilar
d0a9c2c3-f1c9-4d63-8205-c1494257e15e;alquiler;propiedad;Apartamento en Colonia Escalón;1800;published;published;San Salvador;3;2;2;126;https://www.propilatam.com/sv/alquiler/apartamento/san-salvador/apartamento-en-colonia-escalon-departamento-de-san-salvador/4455;1787347803649;2026-08-26T15:56:47.969757+00:00;https://www.propilatam.com/sv/bienes-raices/alquilar
3d62a7dd-b6fd-4045-8f6d-8cd968a9589a;alquiler;propiedad;Casa en Colonia Escalón;3700;published;published;San Salvador;3;3;2;750;https://www.propilatam.com/sv/alquiler/casa/san-salvador/casa-en-colonia-escalon-departamento-de-san-salvador/4134;1776286275818;2026-08-26T15:56:47.969763+00:00;https://www.propilatam.com/sv/bienes-raices/alquilar
f66944d5-9046-4044-836b-e44dfea4dff8;alquiler;propiedad;Casa en Colonia Escalón;4000;published;published;San Salvador;4;5;4;550;https://www.propilatam.com/sv/alquiler/apartamento/san-salvador/apartamento-en-colonia-escalon-departamento-de-san-salvador/3786;1763419095389;2026-08-26T15:56:47.969768+00:00;https://www.propilatam.com/sv/bienes-raices/alquilar
bd4998c2-bc4e-4c39-a063-a081e438459b;alquiler;propiedad;Apartamento en Torre Premier;2100;published;published;Torre Premier;3;2;2;130;https://www.propilatam.com/sv/alquiler/apartamento/san-salvador/apartamento-en-torre-premier-departamento-de-san-salvador/4415;1786639254062;2026-08-26T15:56:47.969774+00:00;https://www.propilatam.com/sv/bienes-raices/alquilar
fb4aa873-99a4-438c-a749-574aac25aeeb;alquiler;propiedad;Apartamento en Torre nest;1850;published;published;San Benito;3;2;2;99;https://www.propilatam.com/sv/alquiler/apartamento/san-salvador/apartamento-en-departamento-de-san-salvador/3924;1768864532869;2026-08-26T15:56:47.969780+00:00;https://www.propilatam.com/sv/bienes-raices/alquilar
6af564ce-5464-4a3b-a9de-d6658481cbbd;alquiler;propiedad;Apartamento en Torre nest;1550;published;published;San Benito;1;1;1;73;https://www.propilatam.com/sv/alquiler/apartamento/san-salvador/apartamento-en-san-benito-departamento-de-san-salvador/4422;1787001688942;2026-08-26T15:56:47.969786+00:00;https://www.propilatam.com/sv/bienes-raices/alquilar
22d13d10-29fe-4d94-9bbb-7d5eccfbe159;alquiler;propiedad;Apartamento en Torre nest;2000;published;published;San Benito;3;2;2;110;https://www.propilatam.com/sv/alquiler/apartamento/san-salvador/apartamento-en-san-benito-departamento-de-san-salvador/4007;1772141354388;2026-08-26T15:56:47.969792+00:00;https://www.propilatam.com/sv/bienes-raices/alquilar
6fae409d-eb0c-47b7-b1f5-3936eaaffd58;alquiler;propiedad;Casa en Colonia Escalón;3000;published;published;San Salvador;4;4;4;550;https://www.propilatam.com/sv/alquiler/san-salvador/casa-en-colonia-escalon-departamento-de-san-salvador/2873;1730503929729;2026-08-26T15:56:47.969799+00:00;https://www.propilatam.com/sv/bienes-raices/alquilar
eab5782c-73ed-42af-9ef6-2710751ce77a;alquiler;propiedad;Apartamento en Condominio 71;1450;published;published;Colonia Escalón;3;3;2;124;https://www.propilatam.com/sv/alquiler/apartamento/san-salvador/apartamento-en-colonia-escalon-departamento-de-san-salvador/4398;1786115959423;2026-08-26T15:56:47.969805+00:00;https://www.propilatam.com/sv/bienes-raices/alquilar
2e1e940e-eb4c-4e07-aa84-5f7013523c18;alquiler;propiedad;Casa en Colonia Escalón;3500;published;published;Colonia Escalón;5;5;5;420;https://www.propilatam.com/sv/alquiler/san-salvador/casa-en-colonia-escalon-departamento-de-san-salvador/2804;1727759054917;2026-08-26T15:56:47.969811+00:00;https://www.propilatam.com/sv/bienes-raices/alquilar
2096549d-4590-499c-a16d-0153699a8a24;alquiler;propiedad;Apartamento en Condominio Luceiro;1700;published;published;Colonia Escalón;3;2;2;105;https://www.propilatam.com/sv/alquiler/apartamento/san-salvador/apartamento-en-colonia-escalon-departamento-de-san-salvador/4425;1787004007386;2026-08-26T15:56:47.969817+00:00;https://www.propilatam.com/sv/bienes-raices/alquilar
dd9f0f9a-8723-46a4-9c58-68d72f7fad73;alquiler;propiedad;Apartamento en Avitat Unique;1200;published;published;Colonia Escalon Norte;1;1;1;50;https://www.propilatam.com/sv/alquiler/apartamento/san-salvador/apartamento-en-colonia-escalon-norte-departamento-de-san-salvador/4446;1787261842863;2026-08-26T15:56:47.969824+00:00;https://www.propilatam.com/sv/bienes-raices/alquilar
d9842459-57b0-400c-be98-8cae9869f0dd;alquiler;propiedad;Apartamento en Avitat Unique;1100;published;published;Colonia Escalon Norte;1;1;1;61;https://www.propilatam.com/sv/alquiler/apartamento/san-salvador/apartamento-en-colonia-escalon-norte-departamento-de-san-salvador/4404;1786483724939;2026-08-26T15:56:47.969830+00:00;https://www.propilatam.com/sv/bienes-raices/alquilar
882ef8e5-58f2-400d-af30-a6b0a89cebb0;alquiler;propiedad;Apartamento en Puerta del Alma I;2500;published;published;Antiguo Cuscatlán;2;2;2;102;https://www.propilatam.com/sv/alquiler/antiguo-cuscatlan/apartamento-en-puerta-del-alma-i-departamento-de-la-libertad/3132;1739394669228;2026-08-26T15:56:47.969836+00:00;https://www.propilatam.com/sv/bienes-raices/alquilar
feb66588-c914-4d72-b98b-1ec6e0aecd35;alquiler;propiedad;Apartamento en Puerta del Alma I;3000;published;published;Antiguo Cuscatlán;3;2;2;180;https://www.propilatam.com/sv/alquiler/apartamento/antiguo-cuscatlan/apartamento-en-puerta-del-alma-i-departamento-de-la-libertad/4379;1785174229758;2026-08-26T15:56:47.969842+00:00;https://www.propilatam.com/sv/bienes-raices/alquilar
9d18d553-19eb-47a7-b20d-4a6d70d6a37c;alquiler;propiedad;Apartamento en Puerta del Alma I;2100;published;published;Antiguo Cuscatlán;2;2;2;105;https://www.propilatam.com/sv/alquiler/apartamento/antiguo-cuscatlan/apartamento-en-puerta-del-alma-i-departamento-de-la-libertad/3253;1783973580875;2026-08-26T15:56:47.969848+00:00;https://www.propilatam.com/sv/bienes-raices/alquilar
d2994d7b-3ae1-483f-9f60-c869a2f06462;alquiler;propiedad;Apartamento en Puerta del Alma I;2500;published;published;Antiguo Cuscatlán;2;2;2;105;https://www.propilatam.com/sv/alquiler/apartamento/antiguo-cuscatlan/apartamento-en-puerta-del-alma-i-departamento-de-la-libertad/3513;1753720710512;2026-08-26T15:56:47.969854+00:00;https://www.propilatam.com/sv/bienes-raices/alquilar
6cdd9ea4-2bc9-42fd-81d2-bfe7603907c1;alquiler;propiedad;Apartamento en Puerta del Alma I;2800;published;published;Antiguo Cuscatlán;3;3;2;139;https://www.propilatam.com/sv/alquiler/apartamento/antiguo-cuscatlan/apartamento-en-puerta-del-alma-i-departamento-de-la-libertad/4214;1779385666785;2026-08-26T15:56:47.969860+00:00;https://www.propilatam.com/sv/bienes-raices/alquilar
6b0cbb78-4c2f-4d44-aee7-7af665d26e32;alquiler;propiedad;Apartamento en Puerta del Alma I;2300;published;published;Antiguo Cuscatlán;2;2;2;103;https://www.propilatam.com/sv/alquiler/antiguo-cuscatlan/apartamento-en-puerta-del-alma-ii-departamento-de-la-libertad/2337;1714068046643;2026-08-26T15:56:47.969865+00:00;https://www.propilatam.com/sv/bienes-raices/alquilar
d2a2d0db-b650-4f87-b618-60a6fb669d2b;alquiler;propiedad;Apartamento en Puerta del Alma I;2300;published;published;Antiguo Cuscatlán;2;2;2;102;https://www.propilatam.com/sv/alquiler/antiguo-cuscatlan/apartamento-en-portal-gran-canaria-departamento-de-la-libertad/1645;1732224179632;2026-08-26T15:56:47.969871+00:00;https://www.propilatam.com/sv/bienes-raices/alquilar
e4be6d3e-11c4-4b9f-9a98-5974913cd648;alquiler;propiedad;Apartamento en Torre Jade;2500;published;published;Colonia Escalón;4;3;2;270;https://www.propilatam.com/sv/alquiler/apartamento/san-salvador/apartamento-en-colonia-escalon-departamento-de-san-salvador/3948;1770221730169;2026-08-26T15:56:47.969877+00:00;https://www.propilatam.com/sv/bienes-raices/alquilar
d0197759-1bb4-4084-8be8-b7688eb9ed6e;alquiler;propiedad;Apartamento en Condominio El Encino;1700;published;published;Colonia Escalón;3;3;2;140;https://www.propilatam.com/sv/alquiler/apartamento/san-salvador/apartamento-en-colonia-escalon-departamento-de-san-salvador/4266;1781037851446;2026-08-26T15:56:47.969883+00:00;https://www.propilatam.com/sv/bienes-raices/alquilar
96445629-15d0-400e-97e3-c574dd38a4f7;alquiler;propiedad;Apartamento en Alta 510;1600;published;published;Colonia Escalón;2;2;2;107;https://www.propilatam.com/sv/alquiler/apartamento/san-salvador/apartamento-en-colonia-escalon-departamento-de-san-salvador/4144;1786658328206;2026-08-26T15:56:47.969889+00:00;https://www.propilatam.com/sv/bienes-raices/alquilar
71f125db-9bbc-4c6d-b7a3-1b33fdee429e;alquiler;propiedad;Apartamento en Vistas del Pedregal;1900;published;published;Colonia Escalón;3;2;2;170;https://www.propilatam.com/sv/alquiler/apartamento/san-salvador/apartamento-en-colonia-escalon-departamento-de-san-salvador/4342;1784843804776;2026-08-26T15:56:47.969895+00:00;https://www.propilatam.com/sv/bienes-raices/alquilar
2d1befa8-925e-4f32-986a-fbdc7dce230b;alquiler;propiedad;Apartamento en Puerta del Alma II;3000;published;published;Antiguo Cuscatlán;3;2;2;138;https://www.propilatam.com/sv/alquiler/apartamento/antiguo-cuscatlan/apartamento-en-puerta-del-alma-ii-departamento-de-la-libertad/3873;1767116259680;2026-08-26T15:56:47.969901+00:00;https://www.propilatam.com/sv/bienes-raices/alquilar
ff478ee1-8214-4fd1-a296-33341cd7037d;alquiler;propiedad;Apartamento en Puerta del Alma II;3100;published;published;Antiguo Cuscatlán;3;2;2;140;https://www.propilatam.com/sv/alquiler/antiguo-cuscatlan/apartamento-en-puerta-del-alma-ii-departamento-de-la-libertad/2716;1725128151703;2026-08-26T15:56:47.969907+00:00;https://www.propilatam.com/sv/bienes-raices/alquilar
db55965c-ee37-4ed6-8455-a2f35e546f30;alquiler;propiedad;Apartamento en Puerta del Alma II;2900;published;published;Antiguo Cuscatlán;3;3;2;160;https://www.propilatam.com/sv/alquiler/apartamento/antiguo-cuscatlan/apartamento-en-puerta-del-alma-ii-departamento-de-la-libertad/4430;1787069969184;2026-08-26T15:56:47.969913+00:00;https://www.propilatam.com/sv/bienes-raices/alquilar
6a1a7594-e75c-4f54-8eea-de08bfc62e9e;alquiler;propiedad;Apartamento en Puerta del Alma II;2500;published;published;Antiguo Cuscatlán;2;2;2;110;https://www.propilatam.com/sv/alquiler/apartamento/antiguo-cuscatlan/apartamento-en-puerta-del-alma-ii-departamento-de-la-libertad/4137;1776376800756;2026-08-26T15:56:47.969919+00:00;https://www.propilatam.com/sv/bienes-raices/alquilar
a7dc9891-68d6-4e51-93ff-47a41f678fa3;alquiler;propiedad;Apartamento en Puerta del Alma II;2700;published;published;Antiguo Cuscatlán;3;2;2;138;https://www.propilatam.com/sv/alquiler/apartamento/antiguo-cuscatlan/apartamento-en-puerta-del-alma-ii-departamento-de-la-libertad/3758;1762557966697;2026-08-26T15:56:47.969925+00:00;https://www.propilatam.com/sv/bienes-raices/alquilar
eaa91c20-d4ea-49c5-b752-2d8f7bf807db;alquiler;propiedad;Apartamento en Puerta del Alma II;2150;published;published;Antiguo Cuscatlán;2;2;2;105;https://www.propilatam.com/sv/alquiler/apartamento/antiguo-cuscatlan/apartamento-en-puerta-del-alma-ii-departamento-de-la-libertad/3451;1784158567846;2026-08-26T15:56:47.969932+00:00;https://www.propilatam.com/sv/bienes-raices/alquilar
c85558a4-115c-4dfd-88a4-6876ed79afd1;alquiler;propiedad;Apartamento en Puerta del Alma II;3000;published;published;Antiguo Cuscatlán;3;2;2;160;https://www.propilatam.com/sv/alquiler/apartamento/antiguo-cuscatlan/apartamento-en-puerta-del-alma-ii-departamento-de-la-libertad/3964;1770833016525;2026-08-26T15:56:47.969937+00:00;https://www.propilatam.com/sv/bienes-raices/alquilar
8a62b243-da09-4273-a938-de2247ef4278;alquiler;propiedad;Casa en Residencial Guadalupe;2000;published;published;La Sultana;4;3;2;360;https://www.propilatam.com/sv/alquiler/casa/antiguo-cuscatlan/casa-en-la-sultana-departamento-de-la-libertad/4289;1782335575336;2026-08-26T15:56:47.969943+00:00;https://www.propilatam.com/sv/bienes-raices/alquilar
62012b05-7432-49e7-be40-0de76d2dc609;alquiler;propiedad;Apartamento en Torre El Pedregal;3500;published;published;Antiguo Cuscatlán;2;2;2;230;https://www.propilatam.com/sv/alquiler/apartamento/antiguo-cuscatlan/apartamento-en-torre-el-pedregal-departamento-de-la-libertad/4192;1778705141075;2026-08-26T15:56:47.969948+00:00;https://www.propilatam.com/sv/bienes-raices/alquilar
b8b3865e-5104-4d36-b60e-794803e2ebac;alquiler;propiedad;Apartamento en Torre El Pedregal;3500;published;published;Antiguo Cuscatlán;2;2;2;240;https://www.propilatam.com/sv/alquiler/apartamento/antiguo-cuscatlan/apartamento-en-torre-el-pedregal-departamento-de-la-libertad/4024;1772637706165;2026-08-26T15:56:47.969954+00:00;https://www.propilatam.com/sv/bienes-raices/alquilar
22b044b3-2d14-40df-877c-4047fe777726;alquiler;propiedad;Apartamento en Puerta del Alma III;2100;published;published;Antiguo Cuscatlán;3;2;2;137;https://www.propilatam.com/sv/alquiler/antiguo-cuscatlan/apartamento-en-puerta-del-alma-iii-departamento-de-la-libertad/3133;1787677736460;2026-08-26T15:56:47.969960+00:00;https://www.propilatam.com/sv/bienes-raices/alquilar
1c1c14a2-9f05-4ee7-aa0a-a5c6540b1529;alquiler;propiedad;Apartamento en Puerta del Alma III;2610;published;published;Antiguo Cuscatlán;3;2;2;190;https://www.propilatam.com/sv/alquiler/apartamento/antiguo-cuscatlan/apartamento-en-puerta-del-alma-iii-departamento-de-la-libertad/4291;1782410924072;2026-08-26T15:56:47.969965+00:00;https://www.propilatam.com/sv/bienes-raices/alquilar
e236bb10-659a-4c95-966e-09905b5114a8;alquiler;propiedad;Apartamento en The Flats;2000;published;published;Colonia Flor Blanca;3;3;2;130;https://www.propilatam.com/sv/alquiler/apartamento/san-salvador/apartamento-en-colonia-flor-blanca-departamento-de-san-salvador/4338;1784157366002;2026-08-26T15:56:47.969971+00:00;https://www.propilatam.com/sv/bienes-raices/alquilar
92296a1b-ea58-4246-aa6e-62724399a4e7;alquiler;propiedad;Apartamento en The Flats;1850;published;published;Colonia Flor Blanca;3;2;2;103;https://www.propilatam.com/sv/alquiler/apartamento/san-salvador/apartamento-en-colonia-flor-blanca-departamento-de-san-salvador/4454;1787346637530;2026-08-26T15:56:47.969977+00:00;https://www.propilatam.com/sv/bienes-raices/alquilar
70c5fe1b-15e1-4234-ba31-c0ff91be8d8e;alquiler;propiedad;Casa en Colonia Escalón;4800;sold_external;published;San Salvador;4;4;5;470;https://www.propilatam.com/sv/alquiler/san-salvador/casa-en-colonia-escalon-departamento-de-san-salvador/2184;1708986117813;2026-08-26T15:56:47.969982+00:00;https://www.propilatam.com/sv/bienes-raices/alquilar
63d335b2-0d96-467c-89a9-db841890ec63;alquiler;propiedad;Casa en Colonia Escalon Norte;3700;published;published;San Salvador;3;3;3;450;https://www.propilatam.com/sv/alquiler/casa/san-salvador/casa-en-colonia-escalon-norte-departamento-de-san-salvador/4176;1778257181626;2026-08-26T15:56:47.969988+00:00;https://www.propilatam.com/sv/bienes-raices/alquilar
a4bb37f7-1fe2-4f2d-899c-88e062eb38ba;alquiler;propiedad;Casa en Colonia San Francisco;2700;published;published;San Salvador;3;3;5;400;https://www.propilatam.com/sv/alquiler/casa/san-salvador/casa-en-colonia-san-francisco-departamento-de-san-salvador/3877;1767129289790;2026-08-26T15:56:47.969994+00:00;https://www.propilatam.com/sv/bienes-raices/alquilar
1dcf60ed-571c-41c3-9a35-022efddc6065;alquiler;propiedad;Casa en Colonia San Francisco;3390;published;published;San Salvador;4;3;5;326;https://www.propilatam.com/sv/alquiler/casa/san-salvador/casa-en-colonia-san-francisco-departamento-de-san-salvador/4023;1772643289774;2026-08-26T15:56:47.970000+00:00;https://www.propilatam.com/sv/bienes-raices/alquilar
d4005720-478c-4191-b3e9-311203f4796b;alquiler;propiedad;Casa en Colonia Escalón;4000;published;published;Colonia Escalón;3;2;3;750;https://www.propilatam.com/sv/alquiler/san-salvador/casa-en-colonia-escalon-departamento-de-san-salvador/2562;1721162529484;2026-08-26T15:56:47.970006+00:00;https://www.propilatam.com/sv/bienes-raices/alquilar
f9311556-09de-445f-b92d-dc85b5fb8779;alquiler;propiedad;Casa en Cumbres de La Escalón;2500;published;published;Colonia Escalón;3;3;3;227;https://www.propilatam.com/sv/alquiler/casa/san-salvador/casa-en-colonia-escalon-departamento-de-san-salvador/2723;1725317553852;2026-08-26T15:56:47.970012+00:00;https://www.propilatam.com/sv/bienes-raices/alquilar
ac075abb-e25e-4601-b7e5-a5e4ff53f0d9;alquiler;propiedad;Apartamento en Torre Avitat Duo;1200;published;published;Colonia Escalón;1;1;1;60;https://www.propilatam.com/sv/alquiler/apartamento/san-salvador/apartamento-en-colonia-escalon-departamento-de-san-salvador/4255;1780613770251;2026-08-26T15:56:47.970018+00:00;https://www.propilatam.com/sv/bienes-raices/alquilar
b2b5bbfe-afa2-4b5b-9953-233df4ba57c4;alquiler;propiedad;Apartamento en Torre Avitat Duo;1200;published;published;Colonia Escalón;1;1;1;60;https://www.propilatam.com/sv/alquiler/apartamento/san-salvador/apartamento-en-colonia-escalon-departamento-de-san-salvador/4424;1787003359178;2026-08-26T15:56:47.970024+00:00;https://www.propilatam.com/sv/bienes-raices/alquilar
f0801a24-c0ad-45c8-8cd5-db34bf4da89b;alquiler;propiedad;Apartamento en San Francisco Tower;1300;published;published;Colonia San Francisco;3;2;2;89;https://www.propilatam.com/sv/alquiler/san-salvador/apartamento-en-san-francisco-tower-departamento-de-san-salvador/2613;1781028749685;2026-08-26T15:56:47.970030+00:00;https://www.propilatam.com/sv/bienes-raices/alquilar
1b3d29b9-0381-44ae-8341-56a57416514d;alquiler;propiedad;Apartamento en Torre Lomas 500;1500;published;published;Nu Lomas;2;2;2;110;https://www.propilatam.com/sv/alquiler/apartamento/san-salvador/apartamento-en-nu-lomas-departamento-de-san-salvador/4093;1774482507768;2026-08-26T15:56:47.970035+00:00;https://www.propilatam.com/sv/bienes-raices/alquilar
2d0a5380-640a-4958-810e-d7bd575a0b59;alquiler;propiedad;Apartamento en Torre Lomas 500;1300;published;published;Nu Lomas;3;2;2;102;https://www.propilatam.com/sv/alquiler/apartamento/san-salvador/apartamento-en-nu-lomas-departamento-de-san-salvador/4186;1787185117849;2026-08-26T15:56:47.970040+00:00;https://www.propilatam.com/sv/bienes-raices/alquilar
dd3ce62c-4536-4f00-b640-c5617e1c00e5;alquiler;propiedad;Casa en Antiguo Cuscatlan;2300;published;published;Antiguo Cuscatlán;3;2;2;200;https://www.propilatam.com/sv/alquiler/casa/antiguo-cuscatlan/casa-en-antiguo-cuscatlan-departamento-de-la-libertad/4066;1773876210096;2026-08-26T15:56:47.970046+00:00;https://www.propilatam.com/sv/bienes-raices/alquilar
ec902fa6-0b76-47c8-a9bd-320b0aeb99e1;alquiler;propiedad;Apartamento en Torre Indigo;1300;published;published;San Antonio Abad;2;2;2;100;https://www.propilatam.com/sv/alquiler/apartamento/san-salvador/apartamento-en-san-antonio-abad-departamento-de-san-salvador/4426;1787006536937;2026-08-26T15:56:47.970052+00:00;https://www.propilatam.com/sv/bienes-raices/alquilar
c7363d98-0cde-42ce-ad51-c5832f5b1541;alquiler;propiedad;Apartamento en Torre Indigo;1500;published;published;San Antonio Abad;3;2;2;145;https://www.propilatam.com/sv/alquiler/apartamento/san-salvador/apartamento-en-san-antonio-abad-departamento-de-san-salvador/4222;1779481500081;2026-08-26T15:56:47.970057+00:00;https://www.propilatam.com/sv/bienes-raices/alquilar
18fa4ed8-759d-4a7c-9dd9-a03df0c1fdf9;alquiler;propiedad;Casa en Colonia Flor Blanca;6000;published;published;San Salvador;5;4;5;600;https://www.propilatam.com/sv/alquiler/san-salvador/casa-en-colonia-flor-blanca-departamento-de-san-salvador/2599;1721860441690;2026-08-26T15:56:47.970063+00:00;https://www.propilatam.com/sv/bienes-raices/alquilar
1028bd28-661c-4374-9662-5132ac8c2874;alquiler;propiedad;Casa en Nu Lomas;5000;published;published;Antiguo Cuscatlán;4;4;4;500;https://www.propilatam.com/sv/alquiler/casa/antiguo-cuscatlan/casa-en-nu-lomas-departamento-de-la-libertad/4429;1787005237152;2026-08-26T15:56:47.970068+00:00;https://www.propilatam.com/sv/bienes-raices/alquilar
1d4c33fb-2aea-4c50-b89c-37b5d0f5e328;alquiler;propiedad;Casa en Colonia Flor Blanca;5900;published;published;San Salvador;5;5;5;605;https://www.propilatam.com/sv/alquiler/san-salvador/casa-en-colonia-flor-blanca-departamento-de-san-salvador/2860;1730157539090;2026-08-26T15:56:47.970077+00:00;https://www.propilatam.com/sv/bienes-raices/alquilar
d0805009-25d3-477c-8ea3-5de3098cc6de;alquiler;propiedad;Casa en Antibes Residencial;1900;published;published;San Salvador;3;2;2;200;https://www.propilatam.com/sv/alquiler/casa/san-salvador/casa-en-antibes-residencial-departamento-de-san-salvador/4445;1787549291019;2026-08-26T15:56:47.970083+00:00;https://www.propilatam.com/sv/bienes-raices/alquilar
0c4f1212-1f26-4d26-a609-55eb9d6512eb;alquiler;propiedad;Casa en Antibes Residencial;1800;published;published;San Salvador;3;2;3;260;https://www.propilatam.com/sv/alquiler/casa/san-salvador/casa-en-antibes-residencial-departamento-de-san-salvador/4377;1785170895039;2026-08-26T15:56:47.970090+00:00;https://www.propilatam.com/sv/bienes-raices/alquilar
15823346-b91f-4be5-8995-5a3cc4e60939;alquiler;propiedad;Apartamento en Nu Lomas;1500;published;published;Nu Lomas;2;1;2;93;https://www.propilatam.com/sv/alquiler/apartamento/antiguo-cuscatlan/apartamento-en-lomas-de-san-francisco-departamento-de-la-libertad/3742;1761864453538;2026-08-26T15:56:47.970097+00:00;https://www.propilatam.com/sv/bienes-raices/alquilar
fe96f1c3-3008-4cfa-8c08-f1409eaa1709;alquiler;propiedad;Apartamento en Nu Lomas;1600;published;published;Nu Lomas;2;2;2;75;https://www.propilatam.com/sv/alquiler/apartamento/antiguo-cuscatlan/apartamento-en-nu-lomas-departamento-de-la-libertad/4403;1786290666395;2026-08-26T15:56:47.970103+00:00;https://www.propilatam.com/sv/bienes-raices/alquilar
aeabf6ba-bdc9-41ca-ba2f-7db9e235d9f2;alquiler;propiedad;Apartamento en Condominios Parque Residencial Altamira;1500;published;published;Residencial Los Eliseos;4;3;2;115;https://www.propilatam.com/sv/alquiler/apartamento/san-salvador/apartamento-en-residencial-los-eliseos-departamento-de-san-salvador/3847;1766446548495;2026-08-26T15:56:47.970108+00:00;https://www.propilatam.com/sv/bienes-raices/alquilar
5071f89c-2397-4390-91f2-40aed589cba0;alquiler;propiedad;Apartamento en Lomas de San Francisco;1800;published;published;Nu Lomas;3;2;2;130;https://www.propilatam.com/sv/alquiler/apartamento/antiguo-cuscatlan/apartamento-en-nu-lomas-departamento-de-la-libertad/4288;1782334021612;2026-08-26T15:56:47.970114+00:00;https://www.propilatam.com/sv/bienes-raices/alquilar
eb3011fb-7c0b-48f4-9629-433de7650e96;alquiler;propiedad;Casa en Zona comercial Boulevard Santa Elena;2800;published;published;Antiguo Cuscatlán;3;3;3;240;https://www.propilatam.com/sv/alquiler/casa/antiguo-cuscatlan/casa-en-zona-comercial-boulevard-santa-elena-departamento-de-la-libertad/4016;1772226401777;2026-08-26T15:56:47.970119+00:00;https://www.propilatam.com/sv/bienes-raices/alquilar
147436ab-c9a5-4668-9f63-cd0b7c85ea89;alquiler;propiedad;Casa en Residencial Santa Elena;4500;published;published;Antiguo Cuscatlán;3;3;3;353;https://www.propilatam.com/sv/alquiler/casa/antiguo-cuscatlan/casa-en-residencial-santa-elena-departamento-de-la-libertad/3395;1749158499061;2026-08-26T15:56:47.970125+00:00;https://www.propilatam.com/sv/bienes-raices/alquilar
3facd875-de0c-4dba-80fd-20344b0463b3;alquiler;propiedad;Casa en Calle Xochiquetzal;5000;published;published;Cumbres de Cuscatlan;5;5;3;460;https://www.propilatam.com/sv/alquiler/antiguo-cuscatlan/casa-en-cumbres-de-cuscatlan-departamento-de-la-libertad/2943;1732725953795;2026-08-26T15:56:47.970130+00:00;https://www.propilatam.com/sv/bienes-raices/alquilar
3b3dd83c-eda1-46b6-a269-cf71603fd084;alquiler;propiedad;Casa en Residencial Cumbres de la Esmeralda;3500;published;published;Antiguo Cuscatlán;4;4;4;380;https://www.propilatam.com/sv/alquiler/casa/antiguo-cuscatlan/casa-en-residencial-cumbres-de-la-esmeralda-departamento-de-la-libertad/4051;1773267253507;2026-08-26T15:56:47.970136+00:00;https://www.propilatam.com/sv/bienes-raices/alquilar
058ad067-a261-436a-bb86-a55f4884fa2e;alquiler;propiedad;Apartamento en Zona comercial Jardines de Merliot;600;published;published;Santa Tecla;1;1;0;50;https://www.propilatam.com/sv/alquiler/apartamento/santa-tecla/apartamento-en-zona-comercial-jardines-de-merliot-departamento-de-la-libertad/4448;1787607228483;2026-08-26T15:56:47.970142+00:00;https://www.propilatam.com/sv/bienes-raices/alquilar
55db5e7b-782f-4edd-9de8-34a8310021d3;alquiler;propiedad;Casa en Calle Xochiquetzal;5500;published;published;Cumbres de Cuscatlan;4;3;4;897;https://www.propilatam.com/sv/alquiler/casa/antiguo-cuscatlan/casa-en-cumbres-de-cuscatlan-departamento-de-la-libertad/4273;1781130253008;2026-08-26T15:56:47.970148+00:00;https://www.propilatam.com/sv/bienes-raices/alquilar
a5bb62ad-f626-4e20-9c5b-3268fa1feda1;alquiler;propiedad;Casa en Calle Xochiquetzal;1400;published;published;Cumbres de Cuscatlan;3;3;2;159;https://www.propilatam.com/sv/alquiler/casa/antiguo-cuscatlan/casa-en-cumbres-de-cuscatlan-departamento-de-la-libertad/4410;1787077548011;2026-08-26T15:56:47.970153+00:00;https://www.propilatam.com/sv/bienes-raices/alquilar
7670024e-3677-485c-86f6-60af3ade52ff;alquiler;propiedad;Casa en Calle Xochiquetzal;3000;published;published;Cumbres de Cuscatlan;4;3;2;337;https://www.propilatam.com/sv/alquiler/casa/antiguo-cuscatlan/casa-en-cumbres-de-cuscatlan-departamento-de-la-libertad/4382;1785449468964;2026-08-26T15:56:47.970158+00:00;https://www.propilatam.com/sv/bienes-raices/alquilar
58fb7237-7864-481f-9d1d-cf3963f398e9;alquiler;propiedad;Apartamento en Calle Xochiquetzal;1350;published;published;Cumbres de Cuscatlan;4;1;2;195;https://www.propilatam.com/sv/alquiler/apartamento/antiguo-cuscatlan/apartamento-en-cumbres-de-cuscatlan-departamento-de-la-libertad/4329;1783721297957;2026-08-26T15:56:47.970163+00:00;https://www.propilatam.com/sv/bienes-raices/alquilar
e4fa5d44-6bcc-47ff-b937-653f7178b853;alquiler;propiedad;Casa en Calle Xochiquetzal;4500;published;published;Cumbres de Cuscatlan;4;3;4;420;https://www.propilatam.com/sv/alquiler/casa/antiguo-cuscatlan/casa-en-cumbres-de-cuscatlan-departamento-de-la-libertad/4193;1779895945827;2026-08-26T15:56:47.970169+00:00;https://www.propilatam.com/sv/bienes-raices/alquilar
2316196d-ec25-4564-8bde-f0895d2b3267;alquiler;propiedad;Apartamento en Calle Xochiquetzal;1300;published;published;Cumbres de Cuscatlan;3;2;2;135;https://www.propilatam.com/sv/alquiler/apartamento/antiguo-cuscatlan/apartamento-en-cumbres-de-cuscatlan-departamento-de-la-libertad/4209;1781217044837;2026-08-26T15:56:47.970174+00:00;https://www.propilatam.com/sv/bienes-raices/alquilar
1e9fd5f5-7f95-4a89-a1bb-8738b65ed5d9;alquiler;propiedad;Casa en Calle Xochiquetzal;3300;published;published;Cumbres de Cuscatlan;5;5;3;250;https://www.propilatam.com/sv/alquiler/casa/antiguo-cuscatlan/casa-en-cumbres-de-cuscatlan-departamento-de-la-libertad/3739;1761845024569;2026-08-26T15:56:47.970180+00:00;https://www.propilatam.com/sv/bienes-raices/alquilar
3a868dcd-f826-402c-97be-b97d5a5f9c22;alquiler;propiedad;Casa en Residencial Bosques de Santa Teresa;3000;published;published;Santa Tecla;4;3;3;372;https://www.propilatam.com/sv/alquiler/santa-tecla/casa-en-residencial-bosques-de-santa-teresa-departamento-de-la-libertad/3002;1735322284209;2026-08-26T15:56:47.970186+00:00;https://www.propilatam.com/sv/bienes-raices/alquilar
d7a56455-cd1c-4b0b-9935-b5c34e8539f9;alquiler;propiedad;Casa en Zona comercial Boulevard Santa Elena;4200;published;published;Antiguo Cuscatlán;4;3;3;430;https://www.propilatam.com/sv/alquiler/antiguo-cuscatlan/casa-en-antiguo-cuscatlan-departamento-de-la-libertad/1935;1700785667177;2026-08-26T15:56:47.970191+00:00;https://www.propilatam.com/sv/bienes-raices/alquilar
365f9fde-c5e1-4901-bb57-41e287793bb8;alquiler;propiedad;Casa en Pasaje L;3500;published;published;Urbanización Madre Selva;5;4;4;550;https://www.propilatam.com/sv/alquiler/casa/antiguo-cuscatlan/casa-en-urbanizacion-madre-selva-departamento-de-la-libertad/1403;1760479220438;2026-08-26T15:56:47.970197+00:00;https://www.propilatam.com/sv/bienes-raices/alquilar
b4361911-467f-4702-b281-7f846b58a98c;alquiler;propiedad;Casa en Residencial Paso Fresco;2600;published;published;Santa Tecla;5;4;3;420;https://www.propilatam.com/sv/alquiler/santa-tecla/casa-en-residencial-paso-fresco-departamento-de-la-libertad/2356;1714687452556;2026-08-26T15:56:47.970206+00:00;https://www.propilatam.com/sv/bienes-raices/alquilar
9e7e5e26-b7b3-402b-b5e6-38268a4bb546;alquiler;propiedad;Casa en Residencial Madreselva;1800;published;published;Antiguo Cuscatlán;3;2;2;240;https://www.propilatam.com/sv/alquiler/casa/antiguo-cuscatlan/casa-en-residencial-madreselva-departamento-de-la-libertad/4386;1785196159917;2026-08-26T15:56:47.970211+00:00;https://www.propilatam.com/sv/bienes-raices/alquilar
8ddecfe4-1642-46f5-94f9-2208e883e36f;alquiler;propiedad;Casa en Colonia Médica;3500;published;published;Distrito 1 San Salvador ;5;5;5;370;https://www.propilatam.com/sv/alquiler/san-salvador/casa-en-colonia-medica-departamento-de-san-salvador/2341;1714167089117;2026-08-26T15:56:47.970217+00:00;https://www.propilatam.com/sv/bienes-raices/alquilar
29449c91-aa03-4083-91c9-5e243604c40d;alquiler;propiedad;Casa en Residencial Primavera;2500;disabled;published;Santa Tecla;3;2;4;150;https://www.propilatam.com/sv/alquiler/casa/santa-tecla/casa-en-residencial-primavera-departamento-de-la-libertad/3832;1769617605357;2026-08-26T15:56:47.970222+00:00;https://www.propilatam.com/sv/bienes-raices/alquilar
f828ebf7-fcda-4cb2-94c5-dd2fc0bc19bc;alquiler;propiedad;Apartamento en Park Tower;1635;published;published;Nuevo Cuscatlán;3;2;2;103;https://www.propilatam.com/sv/alquiler/apartamento/nuevo-cuscatlan/apartamento-en-park-tower-departamento-de-la-libertad/4352;1784741215407;2026-08-26T15:56:47.970228+00:00;https://www.propilatam.com/sv/bienes-raices/alquilar
b2574923-3fc1-4ba7-9b49-ef3b85df30bb;alquiler;propiedad;Apartamento en Vento Apartamentos;1800;published;published;Santa Tecla;3;2;2;103;https://www.propilatam.com/sv/alquiler/santa-tecla/apartamento-en-vento-apartamentos-departamento-de-la-libertad/2869;1731348686890;2026-08-26T15:56:47.970233+00:00;https://www.propilatam.com/sv/bienes-raices/alquilar
6fba8a60-1c99-4769-9c3f-0a7b95e62f6e;alquiler;propiedad;Apartamento en Colonia Utila;600;published;published;Santa Tecla;1;1;0;1;https://www.propilatam.com/sv/alquiler/apartamento/santa-tecla/apartamento-en-colonia-utila-departamento-de-la-libertad/4449;1787607524457;2026-08-26T15:56:47.970239+00:00;https://www.propilatam.com/sv/bienes-raices/alquilar
0422fe4a-2826-407c-ab81-771b0931999b;alquiler;propiedad;Apartamento en Torre Latitud;1200;published;published;Residencial La Colina 1;2;2;1;70;https://www.propilatam.com/sv/alquiler/apartamento/santa-tecla/apartamento-en-residencial-la-colina-1-departamento-de-la-libertad/4442;1787183668368;2026-08-26T15:56:47.970244+00:00;https://www.propilatam.com/sv/bienes-raices/alquilar
5a954c43-6ce4-45e9-9b15-344081474a67;alquiler;propiedad;Casa en Colonia Las Palmeras;2000;published;published;Santa Tecla;4;3;3;285;https://www.propilatam.com/sv/alquiler/casa/santa-tecla/casa-en-colonia-las-palmeras-departamento-de-la-libertad/3637;1758899692385;2026-08-26T15:56:47.970249+00:00;https://www.propilatam.com/sv/bienes-raices/alquilar
81127f13-fb45-4498-bdc9-8ffc6652e4aa;alquiler;propiedad;Casa en Res. La Florida;2350;published;published;Nuevo Cuscatlán;3;3;4;180;https://www.propilatam.com/sv/alquiler/casa/nuevo-cuscatlan/casa-en-res--la-florida-departamento-de-la-libertad/4101;1775669130615;2026-08-26T15:56:47.970255+00:00;https://www.propilatam.com/sv/bienes-raices/alquilar
9ba3e1ce-cd81-406b-9d18-e14759cbc8b6;alquiler;propiedad;Apartamento en Portales del Bosque;1500;published;published;Nuevo Cuscatlán;3;3;2;130;https://www.propilatam.com/sv/alquiler/apartamento/nuevo-cuscatlan/apartamento-en-portales-del-bosque-departamento-de-la-libertad/4297;1783373738332;2026-08-26T15:56:47.970260+00:00;https://www.propilatam.com/sv/bienes-raices/alquilar
96bf2fa1-4a7e-46d4-b9d9-7e500b237644;alquiler;propiedad;Casa en Residencial Las Piletas III;2800;published;published;Santa Tecla;3;3;2;300;https://www.propilatam.com/sv/alquiler/casa/santa-tecla/casa-en-residencial-las-piletas-iii-departamento-de-la-libertad/4368;1785168663437;2026-08-26T15:56:47.970265+00:00;https://www.propilatam.com/sv/bienes-raices/alquilar
33112ac6-5603-46e1-b8c2-fe1ffb93d386;alquiler;propiedad;Apartamento en Alturas del Bosque;1700;published;published;Quintas de Santa Elena;3;2;2;119;https://www.propilatam.com/sv/alquiler/apartamento/nuevo-cuscatlan/apartamento-en-quintas-de-santa-elena-departamento-de-la-libertad/4085;1774390732113;2026-08-26T15:56:47.970271+00:00;https://www.propilatam.com/sv/bienes-raices/alquilar
7fac6dd4-da67-4afc-b54d-1e65009b7fd9;alquiler;propiedad;Apartamento en Alturas del Bosque;1600;published;published;Quintas de Santa Elena;3;2;2;119;https://www.propilatam.com/sv/alquiler/apartamento/nuevo-cuscatlan/apartamento-en-quintas-de-santa-elena-departamento-de-la-libertad/4065;1773875368470;2026-08-26T15:56:47.970276+00:00;https://www.propilatam.com/sv/bienes-raices/alquilar
7ac8c130-3dcc-4a98-b06d-4abbe8945ad1;alquiler;propiedad;Casa en Colonia Altos de Nuevo Cuscatlan;2100;published;published;Nuevo Cuscatlán;3;2;2;225;https://www.propilatam.com/sv/alquiler/casa/nuevo-cuscatlan/casa-en-colonia-altos-de-nuevo-cuscatlan-departamento-de-la-libertad/4268;1781039792059;2026-08-26T15:56:47.970281+00:00;https://www.propilatam.com/sv/bienes-raices/alquilar
15dfa087-8beb-4bad-9fa5-4a984d4d3789;alquiler;propiedad;Casa en Quinta Residencial Las Piletas;6900;published;published;Santa Tecla;5;4;5;720;https://www.propilatam.com/sv/alquiler/casa/santa-tecla/casa-en-quinta-residencial-las-piletas-departamento-de-la-libertad/3769;1763059048832;2026-08-26T15:56:47.970287+00:00;https://www.propilatam.com/sv/bienes-raices/alquilar
b515e85b-1d07-4c7c-8924-848e0dc0d3a2;alquiler;propiedad;Casa en Puerta del Bálsamo;2100;published;published;Nuevo Cuscatlán;3;3;2;190;https://www.propilatam.com/sv/alquiler/casa/nuevo-cuscatlan/casa-en-puerta-del-balsamo-departamento-de-la-libertad/4400;1786137953476;2026-08-26T15:56:47.970292+00:00;https://www.propilatam.com/sv/bienes-raices/alquilar
0c276a20-323e-43a5-afa2-1ce9f6cbc4d4;alquiler;propiedad;Casa en Puerta del Bálsamo;2000;published;published;Nuevo Cuscatlán;3;3;2;210;https://www.propilatam.com/sv/alquiler/casa/nuevo-cuscatlan/casa-en-puerta-del-balsamo-departamento-de-la-libertad/4409;1786595675188;2026-08-26T15:56:47.970298+00:00;https://www.propilatam.com/sv/bienes-raices/alquilar
d83ff6f7-e21e-485c-978b-5bc12d18e7fd;alquiler;propiedad;Casa en Puerta del Bálsamo;2100;published;published;Nuevo Cuscatlán;3;2;2;210;https://www.propilatam.com/sv/alquiler/nuevo-cuscatlan/casa-en-puerta-del-balsamo-departamento-de-la-libertad/2745;1787071002474;2026-08-26T15:56:47.970304+00:00;https://www.propilatam.com/sv/bienes-raices/alquilar
caa7e3ad-ac7a-42d4-baf5-885b73e24d1a;alquiler;propiedad;Apartamento en Artea 1;1400;published;published;Torres Artea;2;3;2;104;https://www.propilatam.com/sv/alquiler/apartamento/nuevo-cuscatlan/apartamento-en-torres-artea-departamento-de-la-libertad/4285;1782231494355;2026-08-26T15:56:47.970309+00:00;https://www.propilatam.com/sv/bienes-raices/alquilar
22e8c6f8-2410-44a4-b84d-9454b8791786;alquiler;propiedad;Apartamento en Alturas del Bosque;1500;published;published;Nuevo Cuscatlán;3;2;2;119;https://www.propilatam.com/sv/alquiler/apartamento/nuevo-cuscatlan/apartamento-en-alturas-del-bosque-departamento-de-la-libertad/4408;1786770562915;2026-08-26T15:56:47.970314+00:00;https://www.propilatam.com/sv/bienes-raices/alquilar
74ee9aaf-4b4f-4bbe-8cf1-a5b21c05cdd3;alquiler;propiedad;Apartamento en Torres Artea;1350;published;published;Nuevo Cuscatlán;2;2;2;105;https://www.propilatam.com/sv/alquiler/apartamento/nuevo-cuscatlan/apartamento-en-torres-artea-departamento-de-la-libertad/4389;1785535223781;2026-08-26T15:56:47.970319+00:00;https://www.propilatam.com/sv/bienes-raices/alquilar
b6e5514a-61f6-4fab-9624-c77aee40eb7d;alquiler;propiedad;Apartamento en Torres Artea;1700;published;published;Nuevo Cuscatlán;2;2;2;114;https://www.propilatam.com/sv/alquiler/apartamento/nuevo-cuscatlan/apartamento-en-torres-artea-departamento-de-la-libertad/4421;1787001266734;2026-08-26T15:56:47.970325+00:00;https://www.propilatam.com/sv/bienes-raices/alquilar
38a65ff0-c949-4ea1-a913-a6c12aa26d19;alquiler;propiedad;Apartamento en Torres Artea;1500;published;published;Nuevo Cuscatlán;2;2;2;106;https://www.propilatam.com/sv/alquiler/apartamento/nuevo-cuscatlan/apartamento-en-torres-artea-departamento-de-la-libertad/4372;1784931925583;2026-08-26T15:56:47.970330+00:00;https://www.propilatam.com/sv/bienes-raices/alquilar
be3fe6c6-c0df-4e4e-b100-3ef9cf5899b3;alquiler;propiedad;Apartamento en Torres Artea;1450;published;published;Nuevo Cuscatlán;3;2;2;109;https://www.propilatam.com/sv/alquiler/apartamento/nuevo-cuscatlan/apartamento-en-torres-artea-departamento-de-la-libertad/4419;1786984587685;2026-08-26T15:56:47.970335+00:00;https://www.propilatam.com/sv/bienes-raices/alquilar
ae4a6325-56c5-47d3-9e1d-d9444206abe6;alquiler;propiedad;Apartamento en Torres Artea;1700;published;published;Nuevo Cuscatlán;3;2;2;110;https://www.propilatam.com/sv/alquiler/nuevo-cuscatlan/apartamento-en-torres-artea-departamento-de-la-libertad/3112;1774301011569;2026-08-26T15:56:47.970341+00:00;https://www.propilatam.com/sv/bienes-raices/alquilar
b2697347-1837-4a23-9b75-09ffe8a71c1c;alquiler;propiedad;Casa en Los Sueños;5000;published;published;Santa Tecla;3;3;5;450;https://www.propilatam.com/sv/alquiler/casa/santa-tecla/casa-en-los-suenos-departamento-de-la-libertad/4125;1776117055094;2026-08-26T15:56:47.970346+00:00;https://www.propilatam.com/sv/bienes-raices/alquilar
eebba695-e99a-4206-9437-e9ecc4fafd7e;alquiler;propiedad;Casa en Casas del Bosque;3500;published;published;Nuevo Cuscatlán;3;3;2;290;https://www.propilatam.com/sv/alquiler/casa/nuevo-cuscatlan/casa-en-departamento-de-la-libertad/4447;1787261151535;2026-08-26T15:56:47.970351+00:00;https://www.propilatam.com/sv/bienes-raices/alquilar
699626fe-be35-460e-8f07-cef5043c609e;alquiler;propiedad;Casa en Casas del Bosque;3500;published;published;Nuevo Cuscatlán;3;3;2;489;https://www.propilatam.com/sv/alquiler/casa/nuevo-cuscatlan/casa-en-departamento-de-la-libertad/4345;1784586063942;2026-08-26T15:56:47.970356+00:00;https://www.propilatam.com/sv/bienes-raices/alquilar
